,Area,Area_Name,BHK,Bathroom,Furnishing,Parking,Status,Transaction,Type,Per_Sqft,Price
1,750.0,rohini,2,2.0,Semi-Furnished,1.0,Ready_to_move,New_Property,Apartment,6667.0,5000000
2,950.0,rohini,2,2.0,Furnished,1.0,Ready_to_move,Resale,Apartment,6667.0,15500000
3,600.0,rohini,2,2.0,Semi-Furnished,1.0,Ready_to_move,Resale,Builder_Floor,6667.0,4200000
4,650.0,rohini,2,2.0,Semi-Furnished,1.0,Ready_to_move,New_Property,Builder_Floor,6667.0,6200000
5,1300.0,rohini,4,3.0,Semi-Furnished,1.0,Ready_to_move,New_Property,Builder_Floor,6667.0,15500000
6,1350.0,rohini,4,3.0,Semi-Furnished,1.0,Ready_to_move,Resale,Builder_Floor,6667.0,10000000
7,650.0,rohini,2,2.0,Semi-Furnished,1.0,Ready_to_move,New_Property,Apartment,6154.0,4000000
8,985.0,rohini,3,3.0,Unfurnished,1.0,Almost_ready,New_Property,Builder_Floor,6154.0,6800000
9,1300.0,rohini,4,4.0,Semi-Furnished,1.0,Ready_to_move,New_Property,Builder_Floor,6154.0,15000000
10,1100.0,rohini,3,2.0,Semi-Furnished,1.0,Ready_to_move,New_Property,Builder_Floor,6154.0,6200000
11,870.0,rohini,3,2.0,Semi-Furnished,1.0,Ready_to_move,New_Property,Builder_Floor,6154.0,7700000
12,630.0,rohini,2,2.0,Semi-Furnished,1.0,Ready_to_move,New_Property,Builder_Floor,6154.0,5500000
13,660.0,rohini,2,2.0,Semi-Furnished,1.0,Ready_to_move,Resale,Builder_Floor,6154.0,5000000
14,344.4448,rohini,2,2.0,Semi-Furnished,1.0,Ready_to_move,Resale,Builder_Floor,6154.0,3310000
15,660.0,rohini,2,2.0,Semi-Furnished,1.0,Ready_to_move,New_Property,Builder_Floor,6154.0,4700000
16,550.0,rohini,2,2.0,Semi-Furnished,1.0,Ready_to_move,New_Property,Builder_Floor,6154.0,4500000
17,1100.0,rohini,4,3.0,Semi-Furnished,1.0,Ready_to_move,New_Property,Builder_Floor,6154.0,17000000
18,1150.0,rohini,3,3.0,Semi-Furnished,1.0,Ready_to_move,Resale,Apartment,6154.0,25000000
19,650.0,rohini,2,2.0,Semi-Furnished,1.0,Ready_to_move,Resale,Builder_Floor,6154.0,6000000
20,850.0,rohini,2,2.0,Semi-Furnished,1.0,Ready_to_move,Resale,Apartment,6154.0,11000000
21,900.0,rohini,3,2.0,Semi-Furnished,5.0,Ready_to_move,Resale,Builder_Floor,6154.0,4500000
22,430.556,rohini,1,1.0,Furnished,2.0,Ready_to_move,Resale,Apartment,6154.0,5300000
23,900.0,rohini,2,2.0,Semi-Furnished,1.0,Ready_to_move,Resale,Apartment,6154.0,10500000
24,914.9315,rohini,2,2.0,Semi-Furnished,1.0,Ready_to_move,Resale,Builder_Floor,6154.0,12000000
25,1100.0,rohini,3,3.0,Furnished,1.0,Ready_to_move,New_Property,Builder_Floor,6364.0,7000000
26,800.0,rohini,3,2.0,Semi-Furnished,1.0,Ready_to_move,Resale,Builder_Floor,8750.0,7000000
27,500.0,rohini,1,1.0,Semi-Furnished,1.0,Ready_to_move,Resale,Apartment,8750.0,3400000
28,28.0,rohini,2,2.0,Furnished,1.0,Ready_to_move,New_Property,Apartment,8750.0,5000000
29,2160.0,rohini,4,4.0,Furnished,1.0,Ready_to_move,New_Property,Builder_Floor,9722.0,21000000
47,900.0,lajpat nagar,2,2.0,Semi-Furnished,2.0,Ready_to_move,New_Property,Builder_Floor,14444.0,13000000
48,1000.0,lajpat nagar,3,3.0,Semi-Furnished,1.0,Ready_to_move,New_Property,Builder_Floor,22000.0,22000000
49,900.0,lajpat nagar,2,2.0,Semi-Furnished,1.0,Ready_to_move,New_Property,Builder_Floor,22000.0,15800000
50,2925.0,lajpat nagar,4,4.0,Unfurnished,2.0,Ready_to_move,New_Property,Builder_Floor,22000.0,57500000
51,900.0,lajpat nagar,2,2.0,Unfurnished,2.0,Ready_to_move,Resale,Builder_Floor,22000.0,10000000
52,1600.0,lajpat nagar,3,3.0,Unfurnished,2.0,Ready_to_move,New_Property,Builder_Floor,22000.0,30000000
53,1143.0,lajpat nagar,3,3.0,Unfurnished,2.0,Ready_to_move,New_Property,Builder_Floor,22000.0,22000000
54,1150.0,lajpat nagar,3,3.0,Semi-Furnished,2.0,Ready_to_move,New_Property,Builder_Floor,22000.0,24000000
55,1500.0,lajpat nagar,3,3.0,Semi-Furnished,1.0,Ready_to_move,Resale,Builder_Floor,22000.0,31500000
56,850.0,lajpat nagar,2,2.0,Semi-Furnished,1.0,Ready_to_move,Resale,Builder_Floor,22000.0,14600000
57,8000.0,lajpat nagar,4,5.0,Semi-Furnished,1.0,Ready_to_move,New_Property,Builder_Floor,22000.0,240000000
58,890.0,lajpat nagar,2,2.0,Semi-Furnished,1.0,Ready_to_move,Resale,Builder_Floor,22000.0,8300000
59,1100.0,lajpat nagar,3,3.0,Unfurnished,1.0,Ready_to_move,New_Property,Builder_Floor,22000.0,22500000
102,1500.0,lajpat nagar,3,3.0,Semi-Furnished,1.0,Ready_to_move,Resale,Builder_Floor,26666.0,40000000
103,2880.0,lajpat nagar,4,5.0,Unfurnished,1.0,Ready_to_move,New_Property,Builder_Floor,15972.0,46000000
104,2700.0,lajpat nagar,4,4.0,Semi-Furnished,2.0,Ready_to_move,Resale,Builder_Floor,183333.0,55000000
105,1400.0,lajpat nagar,3,3.0,Unfurnished,1.0,Ready_to_move,Resale,Builder_Floor,183333.0,24500000
106,1800.0,lajpat nagar,3,3.0,Unfurnished,1.0,Ready_to_move,Resale,Apartment,183333.0,24500000
107,1400.0,lajpat nagar,3,3.0,Semi-Furnished,1.0,Ready_to_move,New_Property,Builder_Floor,183333.0,32500000
108,1000.0,lajpat nagar,2,2.0,Furnished,1.0,Ready_to_move,Resale,Apartment,20000.0,20000000
109,8000.0,lajpat nagar,4,5.0,Semi-Furnished,1.0,Ready_to_move,New_Property,Builder_Floor,20000.0,240000000
111,1700.0,lajpat nagar,3,3.0,Furnished,2.0,Ready_to_move,Resale,Builder_Floor,20000.0,19000000
112,1600.0,lajpat nagar,3,3.0,Unfurnished,2.0,Ready_to_move,Resale,Builder_Floor,20000.0,26000000
113,1350.0,lajpat nagar,3,3.0,Unfurnished,1.0,Ready_to_move,Resale,Builder_Floor,15556.0,21000000
114,1700.0,lajpat nagar,3,3.0,Semi-Furnished,1.0,Ready_to_move,Resale,Builder_Floor,16176.0,27500000
115,1400.0,lajpat nagar,3,3.0,Semi-Furnished,2.0,Ready_to_move,New_Property,Builder_Floor,16176.0,32500000
116,1450.0,lajpat nagar,3,3.0,Semi-Furnished,1.0,Ready_to_move,New_Property,Builder_Floor,16176.0,45000000
117,1350.0,lajpat nagar,3,3.0,Semi-Furnished,1.0,Ready_to_move,Resale,Builder_Floor,15556.0,21000000
118,1700.0,lajpat nagar,3,3.0,Unfurnished,1.0,Ready_to_move,Resale,Builder_Floor,15556.0,28000000
119,1600.0,lajpat nagar,3,3.0,Unfurnished,2.0,Ready_to_move,Resale,Builder_Floor,15556.0,29500000
123,1350.0,lajpat nagar,2,2.0,Furnished,4.0,Ready_to_move,Resale,Builder_Floor,9259.0,12500000
124,1500.0,lajpat nagar,3,3.0,Semi-Furnished,2.0,Ready_to_move,New_Property,Builder_Floor,9259.0,26000000
125,750.0,lajpat nagar,2,2.0,Semi-Furnished,2.0,Ready_to_move,New_Property,Builder_Floor,9259.0,11500000
126,850.0,lajpat nagar,2,2.0,Semi-Furnished,2.0,Ready_to_move,Resale,Builder_Floor,9259.0,14600000
127,1575.0,lajpat nagar,3,3.0,Semi-Furnished,1.0,Ready_to_move,New_Property,Builder_Floor,9259.0,25500000
128,1675.0,lajpat nagar,3,3.0,Semi-Furnished,2.0,Ready_to_move,New_Property,Builder_Floor,18507.0,31000000
129,1350.0,lajpat nagar,3,3.0,Semi-Furnished,2.0,Ready_to_move,Resale,Builder_Floor,18507.0,22000000
130,900.0,lajpat nagar,2,2.0,Semi-Furnished,2.0,Ready_to_move,New_Property,Builder_Floor,18507.0,13400000
131,1800.0,lajpat nagar,3,3.0,Semi-Furnished,2.0,Almost_ready,New_Property,Builder_Floor,18507.0,35000000
132,900.0,lajpat nagar,2,2.0,Furnished,2.0,Ready_to_move,Resale,Builder_Floor,18507.0,11000000
133,900.0,lajpat nagar,2,2.0,Unfurnished,2.0,Ready_to_move,Resale,Builder_Floor,7000.0,6300000
134,900.0,lajpat nagar,2,2.0,Furnished,2.0,Ready_to_move,Resale,Builder_Floor,7000.0,12500000
135,800.0,lajpat nagar,2,2.0,Unfurnished,1.0,Ready_to_move,New_Property,Builder_Floor,7000.0,14500000
136,1100.0,lajpat nagar,2,3.0,Semi-Furnished,1.0,Ready_to_move,New_Property,Builder_Floor,7000.0,22500000
137,810.0,lajpat nagar,2,2.0,Semi-Furnished,1.0,Ready_to_move,New_Property,Builder_Floor,7000.0,15500000
138,1500.0,lajpat nagar,3,3.0,Semi-Furnished,1.0,Ready_to_move,New_Property,Builder_Floor,7000.0,26000000
139,900.0,lajpat nagar,2,2.0,Semi-Furnished,1.0,Ready_to_move,New_Property,Builder_Floor,7000.0,15800000
140,825.0,lajpat nagar,2,2.0,Unfurnished,1.0,Ready_to_move,New_Property,Builder_Floor,7000.0,15000000
141,900.0,lajpat nagar,2,2.0,Unfurnished,1.0,Ready_to_move,New_Property,Builder_Floor,7000.0,13000000
142,875.0,lajpat nagar,2,2.0,Unfurnished,1.0,Ready_to_move,New_Property,Builder_Floor,7000.0,15000000
143,1350.0,lajpat nagar,3,3.0,Semi-Furnished,1.0,Ready_to_move,New_Property,Builder_Floor,7000.0,25000000
144,750.0,lajpat nagar,2,2.0,Semi-Furnished,1.0,Ready_to_move,New_Property,Builder_Floor,7000.0,16500000
145,900.0,lajpat nagar,2,2.0,Unfurnished,1.0,Ready_to_move,New_Property,Builder_Floor,7000.0,10300000
146,1350.0,lajpat nagar,3,3.0,Semi-Furnished,1.0,Ready_to_move,New_Property,Builder_Floor,7000.0,26000000
147,900.0,lajpat nagar,2,2.0,Unfurnished,1.0,Ready_to_move,Resale,Builder_Floor,7000.0,11000000
148,1800.0,lajpat nagar,3,3.0,Unfurnished,1.0,Ready_to_move,New_Property,Builder_Floor,7000.0,28500000
168,1000.0,rohini,2,2.0,Semi-Furnished,1.0,Ready_to_move,Resale,Apartment,5255.0,7600000
169,1360.0,rohini,4,3.0,Semi-Furnished,1.0,Ready_to_move,New_Property,Builder_Floor,5255.0,13500000
170,1550.0,rohini,4,3.0,Semi-Furnished,1.0,Ready_to_move,New_Property,Builder_Floor,5255.0,12500000
171,850.0,rohini,3,2.0,Semi-Furnished,1.0,Ready_to_move,New_Property,Builder_Floor,5255.0,6500000
172,2170.0,rohini,4,4.0,Unfurnished,2.0,Ready_to_move,New_Property,Builder_Floor,5255.0,22000000
173,720.0,rohini,3,2.0,Semi-Furnished,1.0,Ready_to_move,New_Property,Builder_Floor,5255.0,6000000
174,850.0,rohini,3,2.0,Semi-Furnished,1.0,Ready_to_move,New_Property,Builder_Floor,5255.0,7300000
175,950.0,rohini,3,2.0,Semi-Furnished,1.0,Ready_to_move,New_Property,Builder_Floor,5255.0,7600000
176,2300.0,rohini,4,4.0,Semi-Furnished,1.0,Ready_to_move,New_Property,Builder_Floor,5255.0,20000000
177,1300.0,rohini,4,4.0,Semi-Furnished,1.0,Ready_to_move,New_Property,Builder_Floor,5255.0,15000000
178,1100.0,rohini,3,2.0,Semi-Furnished,1.0,Ready_to_move,New_Property,Builder_Floor,5255.0,6200000
179,1030.0,rohini,3,2.0,Furnished,1.0,Ready_to_move,New_Property,Builder_Floor,5255.0,6200000
182,720.0,rohini,2,2.0,Semi-Furnished,1.0,Ready_to_move,New_Property,Apartment,6528.0,4700000
183,800.0,rohini,2,2.0,Semi-Furnished,1.0,Ready_to_move,New_Property,Apartment,6875.0,5500000
184,350.0,rohini,1,1.0,Semi-Furnished,1.0,Ready_to_move,New_Property,Apartment,5714.0,2000000
185,980.0,rohini,3,2.0,Semi-Furnished,1.0,Ready_to_move,New_Property,Apartment,7449.0,7300000
186,1600.0,rohini,4,3.0,Semi-Furnished,1.0,Ready_to_move,New_Property,Apartment,8125.0,13000000
187,1450.0,rohini,3,3.0,Semi-Furnished,1.0,Ready_to_move,New_Property,Apartment,7931.0,11500000
188,445.0,rohini,2,2.0,Semi-Furnished,1.0,Ready_to_move,New_Property,Apartment,7931.0,2800000
189,380.0,rohini,1,1.0,Semi-Furnished,1.0,Ready_to_move,New_Property,Apartment,5789.0,2200000
190,680.0,rohini,2,2.0,Semi-Furnished,1.0,Ready_to_move,New_Property,Apartment,6471.0,4400000
191,1600.0,rohini,3,3.0,Semi-Furnished,1.0,Ready_to_move,New_Property,Apartment,8438.0,13500000
192,630.0,rohini,2,2.0,Semi-Furnished,1.0,Ready_to_move,New_Property,Apartment,6508.0,4100000
193,1500.0,rohini,3,2.0,Semi-Furnished,1.0,Ready_to_move,New_Property,Apartment,8000.0,12000000
194,550.0,rohini,2,2.0,Semi-Furnished,1.0,Ready_to_move,New_Property,Apartment,6364.0,3500000
195,2500.0,rohini,4,3.0,Semi-Furnished,1.0,Ready_to_move,New_Property,Apartment,6000.0,15000000
196,2800.0,rohini,5,4.0,Semi-Furnished,1.0,Ready_to_move,New_Property,Apartment,6250.0,17500000
197,300.0,rohini,1,1.0,Semi-Furnished,1.0,Ready_to_move,New_Property,Apartment,6333.0,1900000
198,800.0,rohini,3,2.0,Semi-Furnished,1.0,Ready_to_move,New_Property,Apartment,6875.0,5500000
199,1295.0,rohini,3,2.0,Semi-Furnished,1.0,Ready_to_move,New_Property,Apartment,6875.0,10000000
200,700.0,rohini,3,2.0,Semi-Furnished,1.0,Ready_to_move,New_Property,Apartment,6714.0,4700000
201,350.0,rohini,1,1.0,Semi-Furnished,1.0,Ready_to_move,New_Property,Builder_Floor,6714.0,2400000
202,450.0,rohini,2,2.0,Semi-Furnished,1.0,Ready_to_move,New_Property,Builder_Floor,6714.0,3800000
203,2200.0,rohini,4,4.0,Semi-Furnished,1.0,Ready_to_move,New_Property,Builder_Floor,6714.0,23000000
204,2300.0,rohini,4,4.0,Semi-Furnished,1.0,Ready_to_move,New_Property,Builder_Floor,6714.0,24500000
205,1150.0,rohini,3,2.0,Semi-Furnished,1.0,Ready_to_move,New_Property,Builder_Floor,6714.0,10000000
206,800.0,rohini,3,2.0,Semi-Furnished,1.0,Ready_to_move,New_Property,Builder_Floor,6714.0,5500000
207,850.0,rohini,3,2.0,Semi-Furnished,1.0,Ready_to_move,New_Property,Builder_Floor,6714.0,7000000
208,720.0,rohini,3,2.0,Semi-Furnished,1.0,Ready_to_move,New_Property,Builder_Floor,6714.0,6500000
209,4688.0,patel nagar,5,4.0,Unfurnished,1.0,Almost_ready,New_Property,Apartment,28797.0,135000000
211,3901.0,patel nagar,4,4.0,Unfurnished,1.0,Almost_ready,New_Property,Apartment,23840.0,93000000
212,950.0,uttam nagar,3,2.0,Furnished,1.0,Ready_to_move,New_Property,Apartment,4600.0,4370000
215,2400.0,greater kailash,4,4.0,Semi-Furnished,1.0,Ready_to_move,New_Property,Apartment,2235.0,70000000
219,540.0,uttam nagar,2,2.0,Semi-Furnished,1.0,Ready_to_move,New_Property,Apartment,6111.0,3300000
220,976.0,okhla,2,2.0,Furnished,1.0,Ready_to_move,New_Property,Apartment,25512.0,24900000
222,2700.0,greater kailash,4,3.0,Semi-Furnished,1.0,Ready_to_move,New_Property,Builder_Floor,22222.0,60000000
224,2900.0,janakpuri,5,5.0,Furnished,1.0,Almost_ready,New_Property,Builder_Floor,22222.0,51000000
225,5025.0,greater kailash,5,6.0,Unfurnished,4.0,Almost_ready,New_Property,Builder_Floor,22222.0,170000000
226,1000.0,uttam nagar,3,2.0,Semi-Furnished,1.0,Almost_ready,New_Property,Builder_Floor,22222.0,5510000
227,1135.0,karol bagh,3,3.0,Furnished,2.0,Almost_ready,Resale,Apartment,22222.0,25000000
228,2306.0,patel nagar,3,3.0,Unfurnished,1.0,Almost_ready,New_Property,Apartment,24718.0,57000000
229,850.0,najafgarh,2,2.0,Semi-Furnished,1.0,Almost_ready,New_Property,Apartment,24718.0,2940000
232,1800.0,vasant vihar,4,3.0,Semi-Furnished,2.0,Ready_to_move,Resale,Builder_Floor,30556.0,55000000
233,1100.0,vasant kunj,2,2.0,Semi-Furnished,1.0,Ready_to_move,Resale,Apartment,30556.0,15000000
234,22050.0,greater kailash,4,4.0,Semi-Furnished,2.0,Almost_ready,New_Property,Builder_Floor,30556.0,51000000
235,1550.0,rohini,4,3.0,Semi-Furnished,1.0,Ready_to_move,New_Property,Builder_Floor,30556.0,13000000
236,1600.0,greater kailash,3,3.0,Semi-Furnished,1.0,Ready_to_move,New_Property,Builder_Floor,18750.0,30000000
237,700.0,khanpur,2,2.0,Semi-Furnished,1.0,Ready_to_move,New_Property,Builder_Floor,18750.0,2400000
238,45.0,okhla,4,3.0,Unfurnished,1.0,Ready_to_move,New_Property,Builder_Floor,18750.0,5500000
240,4500.0,new friends colony,4,4.0,Semi-Furnished,2.0,Ready_to_move,New_Property,Builder_Floor,120000.0,60000000
241,1800.0,new friends colony,4,4.0,Semi-Furnished,2.0,Ready_to_move,New_Property,Builder_Floor,120000.0,65000000
242,6000.0,maharani bagh,5,5.0,Semi-Furnished,9.0,Ready_to_move,New_Property,Builder_Floor,120000.0,220000000
242,6000.0,new friends colony,5,5.0,Semi-Furnished,9.0,Ready_to_move,New_Property,Builder_Floor,120000.0,220000000
243,4300.0,new friends colony,4,4.0,Unfurnished,2.0,Ready_to_move,Resale,Builder_Floor,120000.0,60000000
244,1700.0,new friends colony,3,3.0,Semi-Furnished,2.0,Ready_to_move,New_Property,Builder_Floor,120000.0,38500000
245,2500.0,maharani bagh,3,3.0,Semi-Furnished,2.0,Ready_to_move,Resale,Apartment,120000.0,50000000
245,2500.0,new friends colony,3,3.0,Semi-Furnished,2.0,Ready_to_move,Resale,Apartment,120000.0,50000000
246,4500.0,new friends colony,4,4.0,Semi-Furnished,2.0,Ready_to_move,New_Property,Builder_Floor,120000.0,75000000
247,2450.0,new friends colony,4,4.0,Furnished,2.0,Ready_to_move,New_Property,Builder_Floor,120000.0,70000000
248,10350.0,maharani bagh,4,7.0,Semi-Furnished,3.0,Ready_to_move,New_Property,Apartment,15459.0,160000000
248,10350.0,new friends colony,4,7.0,Semi-Furnished,3.0,Ready_to_move,New_Property,Apartment,15459.0,160000000
249,4800.0,maharani bagh,3,4.0,Semi-Furnished,1.0,Ready_to_move,Resale,Builder_Floor,15459.0,85000000
249,4800.0,new friends colony,3,4.0,Semi-Furnished,1.0,Ready_to_move,Resale,Builder_Floor,15459.0,85000000
250,1600.0,new friends colony,3,3.0,Semi-Furnished,2.0,Ready_to_move,Resale,Apartment,15459.0,40000000
251,3500.0,new friends colony,4,4.0,Unfurnished,2.0,Ready_to_move,Resale,Builder_Floor,15459.0,90000000
252,2100.0,new friends colony,4,5.0,Semi-Furnished,2.0,Ready_to_move,New_Property,Builder_Floor,15459.0,56000000
253,4200.0,new friends colony,5,5.0,Semi-Furnished,2.0,Ready_to_move,New_Property,Builder_Floor,15459.0,135500000
254,1500.0,new friends colony,3,3.0,Semi-Furnished,2.0,Ready_to_move,New_Property,Builder_Floor,15459.0,60000000
255,8150.0,maharani bagh,4,5.0,Unfurnished,4.0,Ready_to_move,New_Property,Builder_Floor,15459.0,170000000
255,8150.0,new friends colony,4,5.0,Unfurnished,4.0,Ready_to_move,New_Property,Builder_Floor,15459.0,170000000
256,2200.0,maharani bagh,4,4.0,Semi-Furnished,2.0,Ready_to_move,Resale,Builder_Floor,15459.0,50000000
256,2200.0,new friends colony,4,4.0,Semi-Furnished,2.0,Ready_to_move,Resale,Builder_Floor,15459.0,50000000
257,3500.0,new friends colony,4,5.0,Semi-Furnished,2.0,Ready_to_move,New_Property,Builder_Floor,15459.0,58000000
258,2070.0,new friends colony,3,3.0,Semi-Furnished,2.0,Ready_to_move,New_Property,Builder_Floor,15459.0,37500000
259,3500.0,maharani bagh,3,3.0,Unfurnished,1.0,Ready_to_move,Resale,Builder_Floor,15459.0,45000000
259,3500.0,new friends colony,3,3.0,Unfurnished,1.0,Ready_to_move,Resale,Builder_Floor,15459.0,45000000
260,2000.0,new friends colony,4,4.0,Semi-Furnished,3.0,Ready_to_move,New_Property,Builder_Floor,15459.0,70000000
261,2800.0,south delhi,6,4.0,Semi-Furnished,2.0,Ready_to_move,Resale,Apartment,15459.0,29500000
261,2800.0,new friends colony,6,4.0,Semi-Furnished,2.0,Ready_to_move,Resale,Apartment,15459.0,29500000
262,2550.0,new friends colony,4,4.0,Unfurnished,1.0,Ready_to_move,Resale,Builder_Floor,23529.0,60000000
263,4500.0,new friends colony,4,4.0,Semi-Furnished,2.0,Ready_to_move,Resale,Builder_Floor,23529.0,70000000
264,1400.0,new friends colony,3,3.0,Semi-Furnished,2.0,Ready_to_move,New_Property,Builder_Floor,23529.0,50000000
265,2800.0,new friends colony,4,5.0,Semi-Furnished,2.0,Ready_to_move,New_Property,Builder_Floor,23529.0,75000000
266,2700.0,new friends colony,4,4.0,Semi-Furnished,2.0,Ready_to_move,New_Property,Builder_Floor,23529.0,52500000
267,4500.0,new friends colony,4,4.0,Semi-Furnished,2.0,Ready_to_move,Resale,Builder_Floor,23529.0,55000000
268,7200.0,maharani bagh,4,4.0,Semi-Furnished,2.0,Ready_to_move,Resale,Builder_Floor,16667.0,120000000
268,7200.0,new friends colony,4,4.0,Semi-Furnished,2.0,Ready_to_move,Resale,Builder_Floor,16667.0,120000000
272,3500.0,kailash colony,5,5.0,Semi-Furnished,1.0,Ready_to_move,New_Property,Builder_Floor,20000.0,70000000
272,3500.0,greater kailash,5,5.0,Semi-Furnished,1.0,Ready_to_move,New_Property,Builder_Floor,20000.0,70000000
273,2200.0,kailash colony,4,4.0,Semi-Furnished,2.0,Ready_to_move,New_Property,Builder_Floor,20000.0,47500000
273,2200.0,greater kailash,4,4.0,Semi-Furnished,2.0,Ready_to_move,New_Property,Builder_Floor,20000.0,47500000
274,2200.0,kailash colony,4,4.0,Semi-Furnished,1.0,Ready_to_move,New_Property,Builder_Floor,20000.0,40000000
274,2200.0,greater kailash,4,4.0,Semi-Furnished,1.0,Ready_to_move,New_Property,Builder_Floor,20000.0,40000000
275,3500.0,kailash colony,4,4.0,Semi-Furnished,3.0,Ready_to_move,New_Property,Builder_Floor,20000.0,85000000
275,3500.0,greater kailash,4,4.0,Semi-Furnished,3.0,Ready_to_move,New_Property,Builder_Floor,20000.0,85000000
276,1440.0,kailash colony,3,3.0,Semi-Furnished,3.0,Ready_to_move,New_Property,Builder_Floor,20000.0,26000000
276,1440.0,greater kailash,3,3.0,Semi-Furnished,3.0,Ready_to_move,New_Property,Builder_Floor,20000.0,26000000
277,3150.0,kailash colony,4,4.0,Semi-Furnished,3.0,Ready_to_move,Resale,Builder_Floor,11111.0,35000000
277,3150.0,greater kailash,4,4.0,Semi-Furnished,3.0,Ready_to_move,Resale,Builder_Floor,11111.0,35000000
278,900.0,kailash colony,2,2.0,Semi-Furnished,3.0,Ready_to_move,Resale,Builder_Floor,11111.0,20000000
278,900.0,greater kailash,2,2.0,Semi-Furnished,3.0,Ready_to_move,Resale,Builder_Floor,11111.0,20000000
279,3690.0,kailash colony,4,5.0,Semi-Furnished,3.0,Almost_ready,New_Property,Builder_Floor,21409.0,79000000
279,3690.0,greater kailash,4,5.0,Semi-Furnished,3.0,Almost_ready,New_Property,Builder_Floor,21409.0,79000000
280,1200.0,kailash colony,3,2.0,Semi-Furnished,3.0,Ready_to_move,Resale,Builder_Floor,21409.0,17000000
280,1200.0,greater kailash,3,2.0,Semi-Furnished,3.0,Ready_to_move,Resale,Builder_Floor,21409.0,17000000
281,4500.0,kailash colony,4,4.0,Semi-Furnished,2.0,Ready_to_move,Resale,Builder_Floor,95000.0,47500000
281,4500.0,greater kailash,4,4.0,Semi-Furnished,2.0,Ready_to_move,Resale,Builder_Floor,95000.0,47500000
282,2799.0,kailash colony,4,4.0,Semi-Furnished,2.0,Ready_to_move,New_Property,Builder_Floor,15363.0,43000000
282,2799.0,greater kailash,4,4.0,Semi-Furnished,2.0,Ready_to_move,New_Property,Builder_Floor,15363.0,43000000
283,1350.0,kailash colony,3,3.0,Unfurnished,1.0,Ready_to_move,New_Property,Builder_Floor,19259.0,26000000
283,1350.0,greater kailash,3,3.0,Unfurnished,1.0,Ready_to_move,New_Property,Builder_Floor,19259.0,26000000
284,1200.0,kailash colony,3,3.0,Unfurnished,1.0,Ready_to_move,New_Property,Builder_Floor,20833.0,25000000
284,1200.0,greater kailash,3,3.0,Unfurnished,1.0,Ready_to_move,New_Property,Builder_Floor,20833.0,25000000
285,2177.0,kailash colony,4,5.0,Semi-Furnished,2.0,Ready_to_move,New_Property,Builder_Floor,20833.0,51000000
285,2177.0,greater kailash,4,5.0,Semi-Furnished,2.0,Ready_to_move,New_Property,Builder_Floor,20833.0,51000000
286,1500.0,kailash colony,3,3.0,Semi-Furnished,2.0,Ready_to_move,New_Property,Builder_Floor,20833.0,40000000
286,1500.0,greater kailash,3,3.0,Semi-Furnished,2.0,Ready_to_move,New_Property,Builder_Floor,20833.0,40000000
287,1600.0,kailash colony,3,3.0,Unfurnished,1.0,Ready_to_move,Resale,Builder_Floor,20833.0,22500000
287,1600.0,greater kailash,3,3.0,Unfurnished,1.0,Ready_to_move,Resale,Builder_Floor,20833.0,22500000
288,4500.0,kailash colony,4,4.0,Semi-Furnished,1.0,Ready_to_move,New_Property,Builder_Floor,20833.0,70000000
288,4500.0,greater kailash,4,4.0,Semi-Furnished,1.0,Ready_to_move,New_Property,Builder_Floor,20833.0,70000000
289,2150.0,kailash colony,4,4.0,Unfurnished,2.0,Ready_to_move,New_Property,Builder_Floor,20930.0,45000000
289,2150.0,greater kailash,4,4.0,Unfurnished,2.0,Ready_to_move,New_Property,Builder_Floor,20930.0,45000000
290,2107.0,kailash colony,4,4.0,Semi-Furnished,2.0,Ready_to_move,New_Property,Apartment,20930.0,51100000
290,2107.0,greater kailash,4,4.0,Semi-Furnished,2.0,Ready_to_move,New_Property,Apartment,20930.0,51100000
291,1150.0,kailash colony,3,3.0,Semi-Furnished,1.0,Ready_to_move,New_Property,Builder_Floor,20930.0,25500000
291,1150.0,greater kailash,3,3.0,Semi-Furnished,1.0,Ready_to_move,New_Property,Builder_Floor,20930.0,25500000
292,1240.0,kailash colony,3,3.0,Unfurnished,2.0,Ready_to_move,New_Property,Builder_Floor,20930.0,26500000
292,1240.0,greater kailash,3,3.0,Unfurnished,2.0,Ready_to_move,New_Property,Builder_Floor,20930.0,26500000
293,1000.0,kailash colony,2,2.0,Unfurnished,1.0,Ready_to_move,Resale,Builder_Floor,20930.0,15000000
293,1000.0,greater kailash,2,2.0,Unfurnished,1.0,Ready_to_move,Resale,Builder_Floor,20930.0,15000000
294,4500.0,kailash colony,4,4.0,Semi-Furnished,2.0,Ready_to_move,Resale,Builder_Floor,20930.0,55000000
294,4500.0,greater kailash,4,4.0,Semi-Furnished,2.0,Ready_to_move,Resale,Builder_Floor,20930.0,55000000
295,1150.0,kailash colony,3,3.0,Semi-Furnished,2.0,Ready_to_move,New_Property,Builder_Floor,20930.0,26000000
295,1150.0,greater kailash,3,3.0,Semi-Furnished,2.0,Ready_to_move,New_Property,Builder_Floor,20930.0,26000000
296,2000.0,kailash colony,4,4.0,Semi-Furnished,2.0,Ready_to_move,Resale,Builder_Floor,20930.0,38000000
296,2000.0,greater kailash,4,4.0,Semi-Furnished,2.0,Ready_to_move,Resale,Builder_Floor,20930.0,38000000
297,4500.0,kailash colony,4,5.0,Semi-Furnished,2.0,Ready_to_move,Resale,Builder_Floor,20930.0,72500000
297,4500.0,greater kailash,4,5.0,Semi-Furnished,2.0,Ready_to_move,Resale,Builder_Floor,20930.0,72500000
298,3000.0,kailash colony,4,5.0,Semi-Furnished,4.0,Ready_to_move,New_Property,Builder_Floor,20930.0,65000000
298,3000.0,greater kailash,4,5.0,Semi-Furnished,4.0,Ready_to_move,New_Property,Builder_Floor,20930.0,65000000
305,1425.0,naveen shahdara,3,3.0,Semi-Furnished,1.0,Ready_to_move,Resale,Builder_Floor,6526.0,9300000
305,1425.0,shahdara,3,3.0,Semi-Furnished,1.0,Ready_to_move,Resale,Builder_Floor,6526.0,9300000
306,440.0,shahdara,2,2.0,Unfurnished,1.0,Ready_to_move,Resale,Apartment,6526.0,2700000
307,1017.0,shahdara,2,2.0,Furnished,1.0,Ready_to_move,New_Property,Builder_Floor,6526.0,6500000
308,650.0,shahdara,2,2.0,Semi-Furnished,1.0,Ready_to_move,Resale,Apartment,6526.0,5800000
309,950.0,shahdara,3,2.0,Semi-Furnished,1.0,Ready_to_move,Resale,Apartment,6526.0,5500000
310,810.0,shahdara,3,2.0,Semi-Furnished,1.0,Ready_to_move,Resale,Builder_Floor,6526.0,6000000
310,810.0,yamuna vihar,3,2.0,Semi-Furnished,1.0,Ready_to_move,Resale,Builder_Floor,6526.0,6000000
311,750.0,shahdara,2,2.0,Unfurnished,1.0,Ready_to_move,Resale,Builder_Floor,6526.0,4500000
312,990.0,shahdara,2,2.0,Semi-Furnished,2.0,Ready_to_move,Resale,Builder_Floor,6526.0,4100000
313,800.0,shahdara,3,2.0,Semi-Furnished,2.0,Ready_to_move,Resale,Builder_Floor,6526.0,3800000
314,675.0,shahdara,2,1.0,Unfurnished,1.0,Ready_to_move,Resale,Apartment,6526.0,3300000
315,558.0,shahdara,2,1.0,Unfurnished,1.0,Ready_to_move,New_Property,Builder_Floor,6526.0,2900000
316,445.0,shahdara,2,1.0,Unfurnished,1.0,Ready_to_move,Resale,Builder_Floor,6526.0,2000000
317,360.0,shahdara,2,1.0,Unfurnished,1.0,Ready_to_move,New_Property,Builder_Floor,6526.0,1550000
318,1350.0,shahdara,4,3.0,Semi-Furnished,1.0,Ready_to_move,New_Property,Builder_Floor,6526.0,11300000
319,850.0,shahdara,3,2.0,Semi-Furnished,1.0,Ready_to_move,Resale,Builder_Floor,6526.0,4500000
320,846.0,shahdara,2,1.0,Unfurnished,1.0,Ready_to_move,New_Property,Apartment,3901.0,3300000
321,1300.0,shahdara,4,3.0,Furnished,1.0,Ready_to_move,New_Property,Builder_Floor,3901.0,11500000
322,900.0,shahdara,3,2.0,Semi-Furnished,1.0,Almost_ready,New_Property,Builder_Floor,3901.0,6000000
323,1050.0,shahdara,3,2.0,Semi-Furnished,1.0,Ready_to_move,Resale,Apartment,3901.0,9000000
324,850.0,shahdara,2,2.0,Furnished,1.0,Ready_to_move,Resale,Builder_Floor,3901.0,4500000
325,1650.0,shahdara,4,3.0,Furnished,1.0,Almost_ready,New_Property,Apartment,3901.0,14000000
326,1150.0,shahdara,2,2.0,Semi-Furnished,1.0,Ready_to_move,Resale,Apartment,6347.0,7300000
327,495.1394,shahdara,1,1.0,Furnished,1.0,Ready_to_move,Resale,Builder_Floor,41304.0,1900000
328,1053.0,naveen shahdara,3,2.0,Furnished,4.0,Ready_to_move,Resale,Builder_Floor,41304.0,7000000
328,1053.0,shahdara,3,2.0,Furnished,4.0,Ready_to_move,Resale,Builder_Floor,41304.0,7000000
331,540.0,shahdara,2,1.0,Furnished,1.0,Ready_to_move,New_Property,Apartment,5000.0,2700000
331,540.0,yamuna vihar,2,1.0,Furnished,1.0,Ready_to_move,New_Property,Apartment,5000.0,2700000
332,747.0,shahdara,2,2.0,Furnished,1.0,Ready_to_move,Resale,Builder_Floor,8701.0,6500000
332,747.0,yamuna vihar,2,2.0,Furnished,1.0,Ready_to_move,Resale,Builder_Floor,8701.0,6500000
333,720.0,shahdara,2,1.0,Unfurnished,1.0,Ready_to_move,Resale,Builder_Floor,5556.0,4000000
333,720.0,yamuna vihar,2,1.0,Unfurnished,1.0,Ready_to_move,Resale,Builder_Floor,5556.0,4000000
334,376.7365,shahdara,1,1.0,Semi-Furnished,1.0,Ready_to_move,New_Property,Apartment,85715.0,3000000
334,376.7365,yamuna vihar,1,1.0,Semi-Furnished,1.0,Ready_to_move,New_Property,Apartment,85715.0,3000000
335,1125.0,shahdara,2,2.0,Unfurnished,1.0,Ready_to_move,Resale,Builder_Floor,4444.0,5000000
335,1125.0,yamuna vihar,2,2.0,Unfurnished,1.0,Ready_to_move,Resale,Builder_Floor,4444.0,5000000
336,713.0,shahdara,2,2.0,Semi-Furnished,1.0,Ready_to_move,New_Property,Builder_Floor,4444.0,6000000
336,713.0,yamuna vihar,2,2.0,Semi-Furnished,1.0,Ready_to_move,New_Property,Builder_Floor,4444.0,6000000
337,360.0,shahdara,1,1.0,Unfurnished,1.0,Ready_to_move,Resale,Builder_Floor,6944.0,2500000
337,360.0,yamuna vihar,1,1.0,Unfurnished,1.0,Ready_to_move,Resale,Builder_Floor,6944.0,2500000
338,900.0,shahdara,2,2.0,Semi-Furnished,1.0,Ready_to_move,Resale,Apartment,7222.0,6500000
338,900.0,yamuna vihar,2,2.0,Semi-Furnished,1.0,Ready_to_move,Resale,Apartment,7222.0,6500000
339,713.0,shahdara,3,1.0,Unfurnished,1.0,Ready_to_move,Resale,Apartment,11220.0,8000000
339,713.0,yamuna vihar,3,1.0,Unfurnished,1.0,Ready_to_move,Resale,Apartment,11220.0,8000000
340,504.0,shahdara,2,1.0,Furnished,1.0,Ready_to_move,Resale,Builder_Floor,5357.0,2700000
340,504.0,yamuna vihar,2,1.0,Furnished,1.0,Ready_to_move,Resale,Builder_Floor,5357.0,2700000
341,70.0,shahdara,1,2.0,Unfurnished,1.0,Ready_to_move,Resale,Apartment,5357.0,4500000
341,70.0,yamuna vihar,1,2.0,Unfurnished,1.0,Ready_to_move,Resale,Apartment,5357.0,4500000
342,850.0,shahdara,3,2.0,Furnished,1.0,Ready_to_move,Resale,Builder_Floor,6706.0,5700000
342,850.0,yamuna vihar,3,2.0,Furnished,1.0,Ready_to_move,Resale,Builder_Floor,6706.0,5700000
343,2430.0,shahdara,4,3.0,Furnished,1.0,Ready_to_move,Resale,Builder_Floor,10288.0,25000000
343,2430.0,yamuna vihar,4,3.0,Furnished,1.0,Ready_to_move,Resale,Builder_Floor,10288.0,25000000
344,2475.0,shahdara,3,3.0,Furnished,1.0,Ready_to_move,Resale,Builder_Floor,28283.0,70000000
344,2475.0,yamuna vihar,3,3.0,Furnished,1.0,Ready_to_move,Resale,Builder_Floor,28283.0,70000000
345,2970.0,shahdara,7,4.0,Furnished,1.0,Ready_to_move,Resale,Builder_Floor,8923.0,26500000
345,2970.0,yamuna vihar,7,4.0,Furnished,1.0,Ready_to_move,Resale,Builder_Floor,8923.0,26500000
346,2250.0,shahdara,3,2.0,Furnished,1.0,Ready_to_move,Resale,Builder_Floor,8222.0,18500000
346,2250.0,yamuna vihar,3,2.0,Furnished,1.0,Ready_to_move,Resale,Builder_Floor,8222.0,18500000
347,1500.0,shahdara,5,3.0,Furnished,1.0,Ready_to_move,Resale,Builder_Floor,20000.0,30000000
347,1500.0,yamuna vihar,5,3.0,Furnished,1.0,Ready_to_move,Resale,Builder_Floor,20000.0,30000000
348,1512.0,shahdara,2,2.0,Furnished,1.0,Ready_to_move,Resale,Builder_Floor,14550.0,22000000
348,1512.0,yamuna vihar,2,2.0,Furnished,1.0,Ready_to_move,Resale,Builder_Floor,14550.0,22000000
350,2160.0,shahdara,3,3.0,Furnished,1.0,Ready_to_move,Resale,Builder_Floor,30093.0,65000000
350,2160.0,yamuna vihar,3,3.0,Furnished,1.0,Ready_to_move,Resale,Builder_Floor,30093.0,65000000
351,630.0,shahdara,3,2.0,Furnished,1.0,Ready_to_move,Resale,Builder_Floor,35714.0,22500000
351,630.0,yamuna vihar,3,2.0,Furnished,1.0,Ready_to_move,Resale,Builder_Floor,35714.0,22500000
352,324.0,shahdara,6,3.0,Furnished,1.0,Ready_to_move,Resale,Builder_Floor,35714.0,8700000
352,324.0,yamuna vihar,6,3.0,Furnished,1.0,Ready_to_move,Resale,Builder_Floor,35714.0,8700000
353,720.0,shahdara,6,5.0,Furnished,1.0,Ready_to_move,Resale,Builder_Floor,35714.0,22000000
353,720.0,yamuna vihar,6,5.0,Furnished,1.0,Ready_to_move,Resale,Builder_Floor,35714.0,22000000
354,675.0,shahdara,4,2.0,Furnished,2.0,Ready_to_move,Resale,Builder_Floor,35714.0,18500000
354,675.0,yamuna vihar,4,2.0,Furnished,2.0,Ready_to_move,Resale,Builder_Floor,35714.0,18500000
355,700.0,shahdara,2,1.0,Furnished,2.0,Ready_to_move,New_Property,Builder_Floor,22857.0,16000000
355,700.0,yamuna vihar,2,1.0,Furnished,2.0,Ready_to_move,New_Property,Builder_Floor,22857.0,16000000
356,675.0,shahdara,4,3.0,Furnished,2.0,Ready_to_move,Resale,Builder_Floor,22857.0,16000000
356,675.0,yamuna vihar,4,3.0,Furnished,2.0,Ready_to_move,Resale,Builder_Floor,22857.0,16000000
357,720.0,shahdara,4,2.0,Furnished,2.0,Ready_to_move,Resale,Builder_Floor,12500.0,9000000
357,720.0,yamuna vihar,4,2.0,Furnished,2.0,Ready_to_move,Resale,Builder_Floor,12500.0,9000000
358,850.0,shahdara,2,2.0,Furnished,1.0,Ready_to_move,Resale,Builder_Floor,12500.0,4500000
362,990.0,laxmi nagar,3,2.0,Unfurnished,1.0,Ready_to_move,Resale,Apartment,4040.0,4000000
363,420.0,laxmi nagar,2,1.0,Semi-Furnished,1.0,Ready_to_move,New_Property,Builder_Floor,4040.0,2600000
364,450.0,laxmi nagar,2,1.0,Semi-Furnished,1.0,Ready_to_move,Resale,Builder_Floor,7778.0,3500000
365,1000.0,laxmi nagar,2,2.0,Unfurnished,1.0,Ready_to_move,Resale,Apartment,7778.0,7500000
366,900.0,laxmi nagar,3,2.0,Semi-Furnished,1.0,Ready_to_move,Resale,Builder_Floor,7778.0,7000000
367,800.0,laxmi nagar,3,2.0,Semi-Furnished,1.0,Ready_to_move,New_Property,Builder_Floor,7778.0,4500000
368,720.0,laxmi nagar,3,3.0,Semi-Furnished,2.0,Ready_to_move,Resale,Builder_Floor,7778.0,5500000
369,450.0,laxmi nagar,2,1.0,Semi-Furnished,2.0,Ready_to_move,New_Property,Builder_Floor,7778.0,2700000
370,675.0,laxmi nagar,2,2.0,Furnished,2.0,Ready_to_move,Resale,Builder_Floor,32000.0,2400000
371,1700.0,laxmi nagar,4,3.0,Unfurnished,2.0,Ready_to_move,New_Property,Builder_Floor,32000.0,11500000
372,550.0,laxmi nagar,2,2.0,Unfurnished,2.0,Ready_to_move,New_Property,Builder_Floor,32000.0,3600000
373,387.0,laxmi nagar,1,2.0,Unfurnished,2.0,Ready_to_move,New_Property,Builder_Floor,32000.0,1700000
374,450.0,laxmi nagar,2,1.0,Unfurnished,2.0,Ready_to_move,Resale,Apartment,32000.0,2500000
375,900.0,laxmi nagar,4,2.0,Furnished,1.0,Ready_to_move,Resale,Builder_Floor,32000.0,6600000
376,500.0,laxmi nagar,2,1.0,Semi-Furnished,1.0,Ready_to_move,Resale,Builder_Floor,32000.0,3700000
377,441.0,laxmi nagar,2,1.0,Unfurnished,1.0,Ready_to_move,Resale,Apartment,32000.0,3500000
378,800.0,laxmi nagar,3,2.0,Semi-Furnished,1.0,Ready_to_move,Resale,Builder_Floor,32000.0,5400000
379,450.0,laxmi nagar,2,2.0,Semi-Furnished,1.0,Ready_to_move,New_Property,Builder_Floor,5666.0,2550000
380,1000.0,laxmi nagar,3,3.0,Furnished,1.0,Ready_to_move,Resale,Builder_Floor,5666.0,12500000
381,715.0,laxmi nagar,2,2.0,Unfurnished,1.0,Ready_to_move,Resale,Apartment,5666.0,5600000
382,600.0,laxmi nagar,2,2.0,Unfurnished,1.0,Ready_to_move,Resale,Builder_Floor,11667.0,7000000
383,540.0,laxmi nagar,2,1.0,Unfurnished,1.0,Ready_to_move,Resale,Builder_Floor,11667.0,3500000
384,312.0,laxmi nagar,4,4.0,Furnished,1.0,Ready_to_move,Resale,Apartment,112179.0,35000000
385,810.0,laxmi nagar,3,2.0,Semi-Furnished,1.0,Ready_to_move,Resale,Builder_Floor,11111.0,9000000
386,270.0,laxmi nagar,1,1.0,Semi-Furnished,1.0,Ready_to_move,Resale,Builder_Floor,11111.0,2300000
387,900.0,laxmi nagar,3,2.0,Semi-Furnished,1.0,Ready_to_move,Resale,Builder_Floor,11111.0,6000000
388,1000.0,laxmi nagar,3,2.0,Unfurnished,1.0,Ready_to_move,Resale,Apartment,11111.0,6000000
394,1000.0,uttam nagar,3,2.0,Semi-Furnished,1.0,Almost_ready,New_Property,Builder_Floor,6111.0,5510000
396,540.0,uttam nagar,2,2.0,Semi-Furnished,1.0,Ready_to_move,New_Property,Builder_Floor,6111.0,2600000
397,780.0,uttam nagar,3,2.0,Semi-Furnished,1.0,Ready_to_move,New_Property,Builder_Floor,6111.0,4000000
398,450.0,uttam nagar,2,1.0,Semi-Furnished,1.0,Ready_to_move,New_Property,Builder_Floor,6111.0,1850000
399,360.0,uttam nagar,1,1.0,Semi-Furnished,1.0,Ready_to_move,New_Property,Builder_Floor,6111.0,1700000
401,495.0,uttam nagar,2,2.0,Semi-Furnished,1.0,Ready_to_move,New_Property,Builder_Floor,6111.0,2150000
403,1000.0,uttam nagar,3,2.0,Semi-Furnished,1.0,Ready_to_move,New_Property,Builder_Floor,6111.0,6200000
404,620.0,uttam nagar,2,2.0,Semi-Furnished,1.0,Ready_to_move,New_Property,Builder_Floor,6111.0,3100000
406,805.0,uttam nagar,2,2.0,Unfurnished,1.0,Ready_to_move,Resale,Builder_Floor,6111.0,4000000
408,540.0,uttam nagar,2,2.0,Semi-Furnished,1.0,Ready_to_move,New_Property,Builder_Floor,6584.0,2500000
409,360.0,uttam nagar,1,1.0,Semi-Furnished,1.0,Ready_to_move,New_Property,Builder_Floor,6584.0,2000000
410,550.0,uttam nagar,2,2.0,Semi-Furnished,1.0,Ready_to_move,New_Property,Builder_Floor,6584.0,1900000
413,550.0,uttam nagar,2,1.0,Semi-Furnished,1.0,Ready_to_move,New_Property,Builder_Floor,5794.0,2000000
414,550.0,uttam nagar,2,2.0,Semi-Furnished,1.0,Ready_to_move,New_Property,Builder_Floor,5794.0,2600000
415,675.0,uttam nagar,2,1.0,Unfurnished,1.0,Ready_to_move,Resale,Builder_Floor,5794.0,2900000
416,585.0,uttam nagar,2,2.0,Unfurnished,1.0,Ready_to_move,Resale,Builder_Floor,5794.0,3200000
417,810.0,uttam nagar,3,2.0,Semi-Furnished,1.0,Ready_to_move,Resale,Builder_Floor,5794.0,5400000
421,70.0,patel nagar,2,3.0,Furnished,1.0,Ready_to_move,New_Property,Builder_Floor,23840.0,8200000
422,800.0,patel nagar,3,2.0,Unfurnished,1.0,Ready_to_move,Resale,Builder_Floor,23840.0,8000000
423,900.0,patel nagar,3,2.0,Semi-Furnished,1.0,Ready_to_move,Resale,Builder_Floor,23840.0,9500000
424,1680.0,patel nagar,4,5.0,Semi-Furnished,1.0,Ready_to_move,Resale,Builder_Floor,23840.0,20000000
425,900.0,patel nagar,2,2.0,Furnished,3.0,Ready_to_move,Resale,Builder_Floor,23840.0,7400000
426,2000.0,patel nagar,3,3.0,Semi-Furnished,1.0,Ready_to_move,Resale,Apartment,23840.0,37500000
427,2000.0,patel nagar,4,4.0,Semi-Furnished,3.0,Ready_to_move,Resale,Builder_Floor,7500.0,15000000
428,1900.0,patel nagar,3,3.0,Semi-Furnished,1.0,Almost_ready,New_Property,Apartment,7500.0,55300000
429,1530.0,patel nagar,3,3.0,Semi-Furnished,2.0,Ready_to_move,Resale,Builder_Floor,7500.0,26500000
430,100.0,patel nagar,3,2.0,Semi-Furnished,2.0,Ready_to_move,Resale,Apartment,160000.0,16000000
431,900.0,patel nagar,3,2.0,Furnished,2.0,Ready_to_move,Resale,Builder_Floor,11556.0,10400000
432,270.0,patel nagar,1,1.0,Unfurnished,2.0,Ready_to_move,Resale,Builder_Floor,11556.0,1700000
433,950.0,patel nagar,2,2.0,Semi-Furnished,2.0,Ready_to_move,Resale,Builder_Floor,8421.0,8000000
434,1800.0,patel nagar,3,3.0,Semi-Furnished,2.0,Ready_to_move,Resale,Builder_Floor,8421.0,27000000
435,1500.0,patel nagar,3,3.0,Semi-Furnished,2.0,Ready_to_move,Resale,Builder_Floor,8421.0,19500000
436,1800.0,patel nagar,3,3.0,Furnished,3.0,Ready_to_move,Resale,Apartment,27778.0,50000000
437,1800.0,patel nagar,3,3.0,Unfurnished,3.0,Ready_to_move,Resale,Builder_Floor,11722.0,21100000
439,850.0,patel nagar,2,3.0,Semi-Furnished,1.0,Ready_to_move,Resale,Builder_Floor,24718.0,5900000
440,140.0,patel nagar,3,2.0,Unfurnished,1.0,Ready_to_move,New_Property,Builder_Floor,85714.0,12000000
441,900.0,patel nagar,3,2.0,Unfurnished,1.0,Ready_to_move,Resale,Builder_Floor,13333.0,12000000
442,1800.0,patel nagar,3,3.0,Unfurnished,1.0,Ready_to_move,Resale,Apartment,13333.0,24000000
443,200.0,patel nagar,1,1.0,Semi-Furnished,1.0,Ready_to_move,Resale,Apartment,13333.0,7000000
444,1782.0,patel nagar,3,3.0,Semi-Furnished,1.0,Ready_to_move,Resale,Apartment,8418.0,15000000
445,900.0,patel nagar,2,2.0,Furnished,1.0,Ready_to_move,Resale,Builder_Floor,1667.0,1500000
446,405.0,patel nagar,2,1.0,Semi-Furnished,1.0,Ready_to_move,Resale,Apartment,1667.0,3950000
447,1500.0,patel nagar,3,3.0,Unfurnished,1.0,Ready_to_move,Resale,Builder_Floor,8333.0,12500000
448,66.0,patel nagar,3,1.0,Unfurnished,1.0,Ready_to_move,New_Property,Apartment,24242.0,1600000
457,2000.0,vasant kunj,3,3.0,Unfurnished,1.0,Ready_to_move,Resale,Apartment,15500.0,31000000
458,650.0,vasant kunj,1,2.0,Semi-Furnished,1.0,Ready_to_move,Resale,Apartment,15500.0,7400000
459,1100.0,vasant kunj,2,2.0,Unfurnished,1.0,Ready_to_move,Resale,Apartment,15500.0,15500000
460,1075.0,vasant kunj,2,2.0,Semi-Furnished,2.0,Ready_to_move,New_Property,Apartment,15500.0,12000000
461,1450.0,vasant kunj,3,2.0,Semi-Furnished,2.0,Ready_to_move,Resale,Apartment,15500.0,23500000
462,1200.0,vasant kunj,3,2.0,Semi-Furnished,2.0,Ready_to_move,Resale,Apartment,20833.0,25000000
463,600.0,vasant kunj,1,2.0,Unfurnished,2.0,Ready_to_move,New_Property,Apartment,20833.0,7000000
464,1000.0,vasant kunj,2,2.0,Unfurnished,1.0,Ready_to_move,Resale,Apartment,20833.0,17500000
465,1600.0,vasant kunj,3,2.0,Semi-Furnished,1.0,Ready_to_move,Resale,Apartment,20833.0,25000000
466,1750.0,vasant kunj,4,4.0,Unfurnished,1.0,Ready_to_move,New_Property,Apartment,20833.0,29000000
467,1300.0,vasant kunj,3,3.0,Semi-Furnished,1.0,Ready_to_move,Resale,Apartment,20833.0,21900000
468,550.0,vasant kunj,1,2.0,Furnished,1.0,Ready_to_move,Resale,Apartment,20833.0,7500000
469,2200.0,vasant kunj,4,3.0,Semi-Furnished,2.0,Ready_to_move,Resale,Apartment,10681.0,23500000
470,1100.0,vasant kunj,2,2.0,Semi-Furnished,2.0,Ready_to_move,Resale,Apartment,21818.0,24000000
471,1700.0,vasant kunj,3,2.0,Semi-Furnished,2.0,Ready_to_move,Resale,Builder_Floor,21818.0,31000000
472,1100.0,vasant kunj,2,2.0,Semi-Furnished,3.0,Ready_to_move,Resale,Apartment,21818.0,16500000
473,1000.0,vasant kunj,2,2.0,Furnished,1.0,Ready_to_move,Resale,Builder_Floor,21818.0,5000000
474,1350.0,vasant kunj,3,2.0,Furnished,1.0,Ready_to_move,New_Property,Apartment,21818.0,24000000
475,1184.0,vasant kunj,2,2.0,Semi-Furnished,1.0,Ready_to_move,Resale,Apartment,14358.0,17000000
476,2000.0,vasant kunj,4,2.0,Furnished,1.0,Ready_to_move,New_Property,Apartment,14358.0,40000000
477,3500.0,vasant kunj,4,4.0,Semi-Furnished,5.0,Ready_to_move,New_Property,Builder_Floor,14358.0,22500000
478,900.0,vasant kunj,3,3.0,Furnished,2.0,Ready_to_move,Resale,Builder_Floor,14358.0,20000000
520,1750.0,vasant kunj,4,4.0,Unfurnished,1.0,Ready_to_move,New_Property,Apartment,6667.0,29000000
521,2210.0,okhla,4,3.0,Semi-Furnished,1.0,Ready_to_move,Resale,Builder_Floor,6667.0,41000000
526,900.0,shahdara,4,1.0,Furnished,1.0,Ready_to_move,Resale,Apartment,6667.0,15000000
526,900.0,shastri park,4,1.0,Furnished,1.0,Ready_to_move,Resale,Apartment,6667.0,15000000
529,50.0,shahdara,2,1.0,Semi-Furnished,1.0,Ready_to_move,New_Property,Apartment,6667.0,1950000
529,50.0,shastri park,2,1.0,Semi-Furnished,1.0,Ready_to_move,New_Property,Apartment,6667.0,1950000
531,900.0,chandni chowk,2,1.0,Semi-Furnished,1.0,Ready_to_move,New_Property,Builder_Floor,6667.0,6200000
532,1650.0,shahdara,4,3.0,Furnished,1.0,Almost_ready,New_Property,Apartment,6667.0,14000000
533,1000.0,laxmi nagar,2,2.0,Unfurnished,1.0,Ready_to_move,Resale,Apartment,6667.0,7500000
534,852.0,shahdara,2,2.0,Unfurnished,1.0,Ready_to_move,Resale,Apartment,6667.0,2670000
535,700.0,shahdara,2,2.0,Semi-Furnished,1.0,Ready_to_move,Resale,Apartment,6667.0,2500000
538,1000.0,laxmi nagar,2,2.0,Unfurnished,1.0,Ready_to_move,New_Property,Apartment,5000.0,5000000
539,1700.0,saket,4,3.0,Semi-Furnished,2.0,Ready_to_move,Resale,Builder_Floor,21071.0,29500000
540,1350.0,saket,3,2.0,Unfurnished,1.0,Ready_to_move,Resale,Builder_Floor,14074.0,19000000
541,2100.0,saket,4,3.0,Furnished,1.0,Ready_to_move,Resale,Apartment,14074.0,25500000
542,2600.0,saket,4,4.0,Semi-Furnished,3.0,Ready_to_move,New_Property,Builder_Floor,28846.0,75000000
543,3000.0,saket,4,5.0,Semi-Furnished,4.0,Ready_to_move,New_Property,Builder_Floor,28846.0,75000000
544,1450.0,saket,3,3.0,Semi-Furnished,1.0,Almost_ready,New_Property,Builder_Floor,28846.0,34000000
545,2050.0,saket,4,4.0,Semi-Furnished,1.0,Ready_to_move,New_Property,Builder_Floor,28846.0,47500000
546,3000.0,saket,4,5.0,Semi-Furnished,3.0,Ready_to_move,New_Property,Builder_Floor,28846.0,75000000
547,1800.0,saket,3,3.0,Semi-Furnished,2.0,Ready_to_move,Resale,Apartment,28846.0,23000000
548,900.0,saket,3,2.0,Semi-Furnished,1.0,Ready_to_move,Resale,Apartment,28846.0,24000000
549,1500.0,saket,3,2.0,Semi-Furnished,2.0,Ready_to_move,Resale,Apartment,28846.0,21500000
550,1500.0,saket,3,2.0,Semi-Furnished,1.0,Ready_to_move,New_Property,Builder_Floor,28846.0,28500000
551,1800.0,saket,4,4.0,Semi-Furnished,1.0,Ready_to_move,Resale,Builder_Floor,6944.0,12500000
552,1674.0,saket,3,3.0,Unfurnished,1.0,Ready_to_move,Resale,Builder_Floor,6944.0,45000000
553,2025.0,saket,4,3.0,Furnished,2.0,Ready_to_move,Resale,Builder_Floor,6944.0,30500000
554,1300.0,saket,3,3.0,Semi-Furnished,3.0,Ready_to_move,Resale,Builder_Floor,6944.0,22500000
555,990.0,saket,3,3.0,Furnished,1.0,Ready_to_move,Resale,Apartment,6944.0,28000000
556,2100.0,saket,3,4.0,Semi-Furnished,2.0,Ready_to_move,Resale,Builder_Floor,14705.0,25000000
557,2250.0,saket,4,4.0,Semi-Furnished,2.0,Ready_to_move,Resale,Builder_Floor,14705.0,33700000
558,1500.0,saket,3,3.0,Semi-Furnished,1.0,Ready_to_move,Resale,Builder_Floor,18000.0,27000000
559,2700.0,saket,4,4.0,Semi-Furnished,2.0,Ready_to_move,New_Property,Builder_Floor,18000.0,43500000
560,1700.0,saket,3,3.0,Semi-Furnished,2.0,Ready_to_move,New_Property,Builder_Floor,18000.0,29000000
561,1700.0,saket,3,3.0,Semi-Furnished,2.0,Ready_to_move,Resale,Builder_Floor,17647.0,30000000
562,2050.0,saket,4,4.0,Semi-Furnished,2.0,Ready_to_move,New_Property,Apartment,17647.0,52100000
563,1800.0,saket,3,3.0,Unfurnished,1.0,Ready_to_move,New_Property,Builder_Floor,18055.0,32500000
564,1500.0,saket,3,2.0,Semi-Furnished,1.0,Ready_to_move,Resale,Apartment,18055.0,20500000
565,2000.0,saket,4,3.0,Semi-Furnished,1.0,Ready_to_move,Resale,Apartment,12500.0,25000000
566,1500.0,saket,3,3.0,Semi-Furnished,2.0,Ready_to_move,Resale,Builder_Floor,12500.0,30000000
567,24300.0,saket,4,5.0,Semi-Furnished,2.0,Ready_to_move,Resale,Builder_Floor,12500.0,51000000
568,2475.0,saket,4,4.0,Semi-Furnished,1.0,Ready_to_move,Resale,Builder_Floor,12500.0,31000000
571,1500.0,safdarjung enclave,3,3.0,Semi-Furnished,4.0,Ready_to_move,New_Property,Builder_Floor,25000.0,37500000
572,2100.0,safdarjung enclave,4,4.0,Semi-Furnished,3.0,Ready_to_move,New_Property,Builder_Floor,25000.0,55000000
573,1800.0,safdarjung enclave,4,4.0,Semi-Furnished,2.0,Ready_to_move,New_Property,Builder_Floor,25000.0,87500000
574,1100.0,safdarjung enclave,2,2.0,Unfurnished,1.0,Ready_to_move,Resale,Apartment,14818.0,16300000
575,2035.0,safdarjung enclave,4,4.0,Unfurnished,2.0,Ready_to_move,New_Property,Builder_Floor,14818.0,65000000
576,1100.0,safdarjung enclave,3,3.0,Unfurnished,1.0,Ready_to_move,Resale,Builder_Floor,14818.0,25000000
577,1550.0,safdarjung enclave,3,3.0,Semi-Furnished,1.0,Ready_to_move,New_Property,Builder_Floor,14818.0,38000000
578,700.0,safdarjung enclave,2,2.0,Unfurnished,1.0,Ready_to_move,Resale,Builder_Floor,14818.0,15000000
579,150.0,safdarjung enclave,2,1.0,Semi-Furnished,1.0,Ready_to_move,Resale,Apartment,14818.0,2000000
580,540.0,safdarjung enclave,1,1.0,Unfurnished,1.0,Ready_to_move,Resale,Builder_Floor,14818.0,3000000
581,810.0,safdarjung enclave,2,2.0,Semi-Furnished,1.0,Ready_to_move,Resale,Builder_Floor,14818.0,8500000
582,3250.0,green park,4,4.0,Semi-Furnished,1.0,Ready_to_move,Resale,Builder_Floor,14818.0,55000000
582,3250.0,safdarjung enclave,4,4.0,Semi-Furnished,1.0,Ready_to_move,Resale,Builder_Floor,14818.0,55000000
583,1600.0,safdarjung enclave,3,3.0,Semi-Furnished,2.0,Ready_to_move,Resale,Builder_Floor,14818.0,22500000
584,4000.0,safdarjung enclave,4,4.0,Semi-Furnished,1.0,Ready_to_move,Resale,Builder_Floor,14818.0,72500000
585,5500.0,safdarjung enclave,6,7.0,Furnished,1.0,Ready_to_move,Resale,Apartment,14818.0,160000000
586,900.0,safdarjung enclave,3,3.0,Semi-Furnished,1.0,Ready_to_move,New_Property,Builder_Floor,14818.0,12500000
587,972.0,safdarjung enclave,2,2.0,Semi-Furnished,1.0,Ready_to_move,Resale,Apartment,14818.0,17000000
588,4150.0,safdarjung enclave,4,4.0,Unfurnished,3.0,Ready_to_move,New_Property,Builder_Floor,14818.0,82500000
589,2250.0,safdarjung enclave,4,5.0,Semi-Furnished,2.0,Ready_to_move,New_Property,Builder_Floor,14818.0,55000000
590,1650.0,safdarjung enclave,3,3.0,Semi-Furnished,1.0,Ready_to_move,New_Property,Builder_Floor,14818.0,35000000
591,2610.0,green park,4,4.0,Semi-Furnished,2.0,Ready_to_move,Resale,Builder_Floor,14818.0,42500000
591,2610.0,safdarjung enclave,4,4.0,Semi-Furnished,2.0,Ready_to_move,Resale,Builder_Floor,14818.0,42500000
592,600.0,safdarjung enclave,2,2.0,Semi-Furnished,1.0,Ready_to_move,Resale,Builder_Floor,14818.0,4700000
593,1700.0,safdarjung enclave,4,5.0,Unfurnished,2.0,Ready_to_move,Resale,Builder_Floor,14818.0,52500000
594,2250.0,safdarjung enclave,4,4.0,Semi-Furnished,3.0,Ready_to_move,New_Property,Builder_Floor,14818.0,80000000
595,880.0,safdarjung enclave,3,2.0,Unfurnished,1.0,Ready_to_move,Resale,Builder_Floor,14818.0,11000000
596,4200.0,safdarjung enclave,4,5.0,Semi-Furnished,3.0,Ready_to_move,New_Property,Builder_Floor,14818.0,74000000
597,1450.0,safdarjung enclave,3,3.0,Semi-Furnished,1.0,Ready_to_move,Resale,Builder_Floor,14818.0,37500000
598,2200.0,safdarjung enclave,4,4.0,Semi-Furnished,3.0,Ready_to_move,New_Property,Builder_Floor,23863.0,52500000
605,1800.0,paschim vihar,3,2.0,Unfurnished,1.0,Ready_to_move,Resale,Builder_Floor,14722.0,26500000
606,780.0,paschim vihar,2,2.0,Unfurnished,1.0,Ready_to_move,Resale,Builder_Floor,14722.0,8770000
607,405.0,paschim vihar,1,1.0,Semi-Furnished,1.0,Ready_to_move,Resale,Apartment,14722.0,4500000
608,900.0,paschim vihar,2,3.0,Semi-Furnished,1.0,Ready_to_move,Resale,Apartment,14722.0,8500000
609,807.2925,paschim vihar,2,2.0,Unfurnished,1.0,Ready_to_move,Resale,Apartment,14722.0,8600000
610,2700.0,paschim vihar,4,3.0,Semi-Furnished,1.0,Ready_to_move,Resale,Builder_Floor,14722.0,42500000
611,1100.0,paschim vihar,3,2.0,Semi-Furnished,2.0,Ready_to_move,Resale,Apartment,14722.0,13100000
612,585.0,paschim vihar,2,2.0,Unfurnished,2.0,Ready_to_move,Resale,Apartment,14722.0,7000000
613,2152.78,paschim vihar,3,3.0,Furnished,2.0,Ready_to_move,New_Property,Builder_Floor,14722.0,30000000
614,960.0,paschim vihar,2,2.0,Semi-Furnished,2.0,Ready_to_move,Resale,Apartment,14722.0,13000000
615,1800.0,paschim vihar,4,3.0,Unfurnished,2.0,Ready_to_move,Resale,Builder_Floor,14722.0,23100000
616,1100.0,paschim vihar,3,2.0,Semi-Furnished,1.0,Ready_to_move,Resale,Apartment,14722.0,16000000
617,900.0,paschim vihar,2,2.0,Unfurnished,1.0,Ready_to_move,Resale,Builder_Floor,13889.0,12500000
618,1620.0,paschim vihar,3,3.0,Furnished,1.0,Ready_to_move,New_Property,Builder_Floor,13889.0,24500000
619,378.0,paschim vihar,1,1.0,Unfurnished,1.0,Ready_to_move,Resale,Apartment,13889.0,3200000
620,800.0,paschim vihar,3,2.0,Unfurnished,1.0,Ready_to_move,Resale,Apartment,7875.0,6300000
621,1350.0,paschim vihar,3,3.0,Semi-Furnished,1.0,Ready_to_move,Resale,Builder_Floor,11111.0,15000000
622,850.0,new delhi,3,3.0,Unfurnished,1.0,Ready_to_move,Resale,Apartment,11111.0,5700000
622,850.0,new delhi,3,3.0,Unfurnished,1.0,Ready_to_move,Resale,Apartment,11111.0,5700000
622,850.0,paschim vihar,3,3.0,Unfurnished,1.0,Ready_to_move,Resale,Apartment,11111.0,5700000
623,1580.0,paschim vihar,3,2.0,Furnished,1.0,Ready_to_move,Resale,Apartment,11111.0,21000000
624,820.0,paschim vihar,2,3.0,Unfurnished,1.0,Ready_to_move,Resale,Apartment,11111.0,7500000
625,594.0,paschim vihar,2,1.0,Semi-Furnished,1.0,Ready_to_move,Resale,Apartment,10943.0,6500000
626,14220.0,paschim vihar,3,3.0,Semi-Furnished,1.0,Ready_to_move,New_Property,Builder_Floor,10943.0,27500000
627,800.0,paschim vihar,3,2.0,Unfurnished,1.0,Ready_to_move,Resale,Builder_Floor,10943.0,12000000
628,1500.0,paschim vihar,3,2.0,Semi-Furnished,2.0,Ready_to_move,Resale,Apartment,10943.0,18000000
701,1400.0,greater kailash,3,3.0,Furnished,1.0,Ready_to_move,Resale,Apartment,12500.0,18000000
703,2700.0,greater kailash,4,4.0,Unfurnished,2.0,Ready_to_move,Resale,Builder_Floor,12500.0,36500000
746,1150.0,sarita vihar,2,2.0,Unfurnished,1.0,Ready_to_move,Resale,Apartment,15384.0,13500000
747,1500.0,sarita vihar,3,2.0,Unfurnished,1.0,Ready_to_move,Resale,Apartment,15384.0,14000000
748,1150.0,sarita vihar,2,2.0,Semi-Furnished,2.0,Ready_to_move,Resale,Apartment,15384.0,10800000
756,50.0,palam,1,1.0,Unfurnished,1.0,Ready_to_move,Resale,Builder_Floor,8333.0,1500000
776,900.0,palam,2,2.0,Semi-Furnished,1.0,Ready_to_move,Resale,Builder_Floor,3444.0,3100000
778,360.0,palam,1,1.0,Semi-Furnished,1.0,Ready_to_move,Resale,Builder_Floor,4167.0,1500000
812,850.0,mehrauli,2,2.0,Semi-Furnished,1.0,Ready_to_move,Resale,Apartment,3294.0,2800000
813,800.0,mehrauli,3,3.0,Semi-Furnished,1.0,Ready_to_move,Resale,Apartment,3294.0,4500000
814,405.0,mehrauli,1,1.0,Furnished,1.0,Ready_to_move,Resale,Apartment,3294.0,1800000
815,1350.0,mehrauli,3,3.0,Unfurnished,1.0,Ready_to_move,New_Property,Builder_Floor,3294.0,8500000
816,1350.0,mehrauli,3,3.0,Unfurnished,1.0,Ready_to_move,New_Property,Apartment,3294.0,8500000
817,450.0,mehrauli,1,1.0,Unfurnished,1.0,Ready_to_move,New_Property,Builder_Floor,3294.0,1700000
818,1300.0,mehrauli,3,3.0,Semi-Furnished,2.0,Ready_to_move,New_Property,Builder_Floor,3294.0,7000000
819,1050.0,mehrauli,3,2.0,Unfurnished,2.0,Ready_to_move,New_Property,Builder_Floor,3294.0,5600000
820,1675.0,mehrauli,4,3.0,Furnished,2.0,Ready_to_move,Resale,Builder_Floor,8060.0,13500000
821,1250.0,mehrauli,3,3.0,Unfurnished,2.0,Almost_ready,New_Property,Builder_Floor,8060.0,8500000
822,1080.0,mehrauli,3,3.0,Unfurnished,5.0,Ready_to_move,New_Property,Apartment,8060.0,6000000
823,1170.0,mehrauli,3,3.0,Unfurnished,5.0,Almost_ready,New_Property,Builder_Floor,8060.0,7200000
824,1250.0,mehrauli,3,2.0,Semi-Furnished,1.0,Ready_to_move,Resale,Apartment,8060.0,6500000
825,1500.0,mehrauli,3,3.0,Semi-Furnished,1.0,Ready_to_move,New_Property,Apartment,8060.0,8400000
826,1350.0,mehrauli,3,3.0,Unfurnished,1.0,Ready_to_move,New_Property,Apartment,8060.0,8500000
827,855.0,mehrauli,2,2.0,Semi-Furnished,1.0,Ready_to_move,Resale,Builder_Floor,4678.0,4000000
828,540.0,mehrauli,1,1.0,Unfurnished,1.0,Ready_to_move,Resale,Builder_Floor,3148.0,1700000
829,1044.0983,mehrauli,3,2.0,Unfurnished,1.0,Ready_to_move,Resale,Builder_Floor,3148.0,6000000
830,405.0,mehrauli,1,1.0,Semi-Furnished,1.0,Ready_to_move,Resale,Apartment,3148.0,1600000
831,500.0,mehrauli,1,2.0,Semi-Furnished,1.0,Ready_to_move,Resale,Apartment,4200.0,2100000
832,450.0,mehrauli,1,1.0,Furnished,1.0,Ready_to_move,Resale,Apartment,3778.0,1700000
833,405.0,mehrauli,1,1.0,Unfurnished,1.0,Ready_to_move,Resale,Apartment,3778.0,1500000
834,405.0,mehrauli,1,1.0,Unfurnished,1.0,Ready_to_move,Resale,Builder_Floor,2963.0,1200000
835,450.0,mehrauli,1,1.0,Unfurnished,1.0,Ready_to_move,Resale,Apartment,3667.0,1650000
836,173.0,mehrauli,2,2.0,Unfurnished,1.0,Ready_to_move,Resale,Builder_Floor,3667.0,3500000
837,1100.0,mehrauli,3,2.0,Unfurnished,1.0,Ready_to_move,Resale,Builder_Floor,7727.0,8500000
838,600.0,mehrauli,2,2.0,Unfurnished,1.0,Ready_to_move,Resale,Builder_Floor,5333.0,3200000
870,450.0,narela,1,1.0,Furnished,2.0,Ready_to_move,Resale,Apartment,4889.0,2200000
870,450.0,narela,1,1.0,Furnished,2.0,Ready_to_move,Resale,Apartment,4889.0,2200000
871,900.0,narela,2,2.0,Semi-Furnished,2.0,Ready_to_move,Resale,Apartment,4222.0,3800000
871,900.0,narela,2,2.0,Semi-Furnished,2.0,Ready_to_move,Resale,Apartment,4222.0,3800000
872,360.0,narela,1,1.0,Unfurnished,1.0,Ready_to_move,Resale,Apartment,5000.0,1800000
872,360.0,narela,1,1.0,Unfurnished,1.0,Ready_to_move,Resale,Apartment,5000.0,1800000
873,559.7228,narela,2,2.0,Furnished,3.0,Ready_to_move,Resale,Apartment,5092.0,2850000
873,559.7228,narela,2,2.0,Furnished,3.0,Ready_to_move,Resale,Apartment,5092.0,2850000
874,350.0,narela,1,1.0,Unfurnished,3.0,Ready_to_move,Resale,Apartment,7143.0,2500000
874,350.0,narela,1,1.0,Unfurnished,3.0,Ready_to_move,Resale,Apartment,7143.0,2500000
875,365.0,narela,1,1.0,Unfurnished,39.0,Ready_to_move,Resale,Apartment,7143.0,3500000
875,365.0,narela,1,1.0,Unfurnished,39.0,Ready_to_move,Resale,Apartment,7143.0,3500000
876,390.0,narela,1,1.0,Unfurnished,39.0,Ready_to_move,Resale,Apartment,5128.0,2000000
876,390.0,narela,1,1.0,Unfurnished,39.0,Ready_to_move,Resale,Apartment,5128.0,2000000
877,350.0,narela,1,1.0,Unfurnished,39.0,Ready_to_move,Resale,Apartment,5128.0,3000000
877,350.0,narela,1,1.0,Unfurnished,39.0,Ready_to_move,Resale,Apartment,5128.0,3000000
878,210.0,narela,1,1.0,Semi-Furnished,39.0,Ready_to_move,New_Property,Apartment,5128.0,2000000
878,210.0,narela,1,1.0,Semi-Furnished,39.0,Ready_to_move,New_Property,Apartment,5128.0,2000000
879,50.0,narela,1,1.0,Unfurnished,39.0,Ready_to_move,New_Property,Apartment,5128.0,3500000
879,50.0,narela,1,1.0,Unfurnished,39.0,Ready_to_move,New_Property,Apartment,5128.0,3500000
880,500.0,narela,1,1.0,Unfurnished,39.0,Ready_to_move,Resale,Apartment,3600.0,1800000
880,500.0,narela,1,1.0,Unfurnished,39.0,Ready_to_move,Resale,Apartment,3600.0,1800000
881,350.0,narela,1,1.0,Unfurnished,39.0,Ready_to_move,Resale,Apartment,4571.0,1600000
881,350.0,narela,1,1.0,Unfurnished,39.0,Ready_to_move,Resale,Apartment,4571.0,1600000
882,379.0,narela,1,1.0,Unfurnished,1.0,Ready_to_move,Resale,Builder_Floor,4221.0,1600000
882,379.0,narela,1,1.0,Unfurnished,1.0,Ready_to_move,Resale,Builder_Floor,4221.0,1600000
883,236.8058,narela,1,1.0,Unfurnished,1.0,Ready_to_move,Resale,Apartment,4221.0,2000000
883,236.8058,narela,1,1.0,Unfurnished,1.0,Ready_to_move,Resale,Apartment,4221.0,2000000
884,445.0,narela,1,1.0,Unfurnished,1.0,Ready_to_move,Resale,Apartment,4221.0,1500000
884,445.0,narela,1,1.0,Unfurnished,1.0,Ready_to_move,Resale,Apartment,4221.0,1500000
885,452.0838,narela,2,1.0,Furnished,1.0,Ready_to_move,Resale,Apartment,6636.0,3000000
885,452.0838,narela,2,1.0,Furnished,1.0,Ready_to_move,Resale,Apartment,6636.0,3000000
886,350.0,narela,1,1.0,Unfurnished,1.0,Ready_to_move,New_Property,Apartment,4270.0,1490000
886,350.0,narela,1,1.0,Unfurnished,1.0,Ready_to_move,New_Property,Apartment,4270.0,1490000
887,437.0,narela,1,1.0,Furnished,1.0,Ready_to_move,New_Property,Apartment,4270.0,3500000
887,437.0,narela,1,1.0,Furnished,1.0,Ready_to_move,New_Property,Apartment,4270.0,3500000
888,61.0,narela,3,3.0,Unfurnished,1.0,Ready_to_move,Resale,Apartment,4270.0,4000000
888,61.0,narela,3,3.0,Unfurnished,1.0,Ready_to_move,Resale,Apartment,4270.0,4000000
889,495.0,narela,2,2.0,Unfurnished,1.0,Ready_to_move,Resale,Builder_Floor,4270.0,1750000
889,495.0,narela,2,2.0,Unfurnished,1.0,Ready_to_move,Resale,Builder_Floor,4270.0,1750000
890,900.0,narela,2,2.0,Unfurnished,1.0,Ready_to_move,Resale,Apartment,4270.0,4600000
890,900.0,narela,2,2.0,Unfurnished,1.0,Ready_to_move,Resale,Apartment,4270.0,4600000
891,350.0,narela,1,1.0,Semi-Furnished,1.0,Ready_to_move,Resale,Builder_Floor,5143.0,1800000
891,350.0,narela,1,1.0,Semi-Furnished,1.0,Ready_to_move,Resale,Builder_Floor,5143.0,1800000
892,585.0,narela,2,2.0,Unfurnished,1.0,Ready_to_move,Resale,Builder_Floor,3248.0,1900000
892,585.0,narela,2,2.0,Unfurnished,1.0,Ready_to_move,Resale,Builder_Floor,3248.0,1900000
893,198.0,narela,1,1.0,Furnished,1.0,Ready_to_move,Resale,Apartment,5051.0,1000000
893,198.0,narela,1,1.0,Furnished,1.0,Ready_to_move,Resale,Apartment,5051.0,1000000
894,4900.0,narela,1,1.0,Unfurnished,1.0,Ready_to_move,New_Property,Apartment,5051.0,1000000
894,4900.0,narela,1,1.0,Unfurnished,1.0,Ready_to_move,New_Property,Apartment,5051.0,1000000
895,2077.4327,narela,1,1.0,Unfurnished,1.0,Ready_to_move,Resale,Builder_Floor,5051.0,1000000
895,2077.4327,narela,1,1.0,Unfurnished,1.0,Ready_to_move,Resale,Builder_Floor,5051.0,1000000
896,50.0,narela,1,1.0,Semi-Furnished,1.0,Ready_to_move,New_Property,Apartment,5051.0,3500000
896,50.0,narela,1,1.0,Semi-Furnished,1.0,Ready_to_move,New_Property,Apartment,5051.0,3500000
897,990.0,narela,3,2.0,Furnished,1.0,Ready_to_move,Resale,Builder_Floor,5051.0,5000000
897,990.0,narela,3,2.0,Furnished,1.0,Ready_to_move,Resale,Builder_Floor,5051.0,5000000
898,425.0,narela,1,1.0,Unfurnished,1.0,Ready_to_move,Resale,Apartment,5176.0,2200000
898,425.0,narela,1,1.0,Unfurnished,1.0,Ready_to_move,Resale,Apartment,5176.0,2200000
905,3000.0,geetanjali enclave,4,4.0,Unfurnished,2.0,Ready_to_move,New_Property,Builder_Floor,14888.0,67000000
905,3000.0,malviya nagar,4,4.0,Unfurnished,2.0,Ready_to_move,New_Property,Builder_Floor,14888.0,67000000
906,850.0,malviya nagar,2,2.0,Unfurnished,2.0,Ready_to_move,Resale,Builder_Floor,14888.0,8500000
907,750.0,malviya nagar,2,2.0,Unfurnished,2.0,Almost_ready,New_Property,Builder_Floor,14888.0,11500000
908,2600.0,geetanjali enclave,4,5.0,Semi-Furnished,3.0,Ready_to_move,New_Property,Builder_Floor,14888.0,52500000
908,2600.0,malviya nagar,4,5.0,Semi-Furnished,3.0,Ready_to_move,New_Property,Builder_Floor,14888.0,52500000
909,800.0,malviya nagar,2,2.0,Semi-Furnished,1.0,Ready_to_move,New_Property,Builder_Floor,14888.0,12000000
910,550.0,malviya nagar,2,2.0,Semi-Furnished,2.0,Ready_to_move,Resale,Builder_Floor,14888.0,10700000
911,700.0,malviya nagar,2,2.0,Semi-Furnished,1.0,Ready_to_move,Resale,Apartment,14888.0,9000000
912,2316.0,geetanjali enclave,3,4.0,Furnished,1.0,Ready_to_move,Resale,Builder_Floor,14888.0,100000000
912,2316.0,malviya nagar,3,4.0,Furnished,1.0,Ready_to_move,Resale,Builder_Floor,14888.0,100000000
913,900.0,malviya nagar,3,2.0,Semi-Furnished,1.0,Ready_to_move,Resale,Apartment,14888.0,6200000
914,100.0,malviya nagar,3,2.0,Semi-Furnished,1.0,Ready_to_move,Resale,Builder_Floor,14888.0,17000000
915,900.0,south delhi,2,3.0,Semi-Furnished,2.0,Ready_to_move,Resale,Builder_Floor,14888.0,12500000
915,900.0,malviya nagar,2,3.0,Semi-Furnished,2.0,Ready_to_move,Resale,Builder_Floor,14888.0,12500000
916,1500.0,malviya nagar,2,2.0,Semi-Furnished,3.0,Ready_to_move,New_Property,Builder_Floor,14888.0,13000000
917,650.0,malviya nagar,3,2.0,Unfurnished,3.0,Ready_to_move,Resale,Builder_Floor,14888.0,4200000
918,2000.0,malviya nagar,4,4.0,Semi-Furnished,2.0,Ready_to_move,New_Property,Builder_Floor,14888.0,36000000
919,500.0,malviya nagar,1,1.0,Unfurnished,2.0,Ready_to_move,Resale,Apartment,14888.0,2300000
920,1125.0,malviya nagar,2,2.0,Unfurnished,2.0,Ready_to_move,Resale,Builder_Floor,7200.0,8100000
921,1300.0,malviya nagar,3,3.0,Semi-Furnished,1.0,Ready_to_move,Resale,Builder_Floor,7200.0,10000000
922,2500.0,geetanjali enclave,4,5.0,Unfurnished,1.0,Ready_to_move,New_Property,Builder_Floor,7200.0,62500000
922,2500.0,malviya nagar,4,5.0,Unfurnished,1.0,Ready_to_move,New_Property,Builder_Floor,7200.0,62500000
923,2200.0,geetanjali enclave,4,5.0,Semi-Furnished,2.0,Ready_to_move,New_Property,Builder_Floor,7200.0,65000000
923,2200.0,malviya nagar,4,5.0,Semi-Furnished,2.0,Ready_to_move,New_Property,Builder_Floor,7200.0,65000000
924,1290.0,malviya nagar,3,2.0,Semi-Furnished,2.0,Ready_to_move,Resale,Builder_Floor,7200.0,20000000
925,2250.0,geetanjali enclave,4,4.0,Semi-Furnished,2.0,Ready_to_move,New_Property,Builder_Floor,7200.0,57500000
925,2250.0,malviya nagar,4,4.0,Semi-Furnished,2.0,Ready_to_move,New_Property,Builder_Floor,7200.0,57500000
926,1350.0,malviya nagar,3,3.0,Semi-Furnished,2.0,Ready_to_move,New_Property,Builder_Floor,7200.0,30000000
927,1400.0,malviya nagar,3,3.0,Semi-Furnished,1.0,Ready_to_move,New_Property,Builder_Floor,21429.0,30000000
928,1700.0,malviya nagar,3,3.0,Unfurnished,2.0,Ready_to_move,New_Property,Builder_Floor,21429.0,30000000
934,900.0,dilshad garden,2,2.0,Furnished,2.0,Ready_to_move,Resale,Builder_Floor,7666.0,6900000
935,400.0,dilshad garden,1,1.0,Unfurnished,1.0,Ready_to_move,Resale,Builder_Floor,7666.0,3600000
936,900.0,dilshad garden,3,2.0,Semi-Furnished,2.0,Ready_to_move,Resale,Apartment,7666.0,13500000
937,1000.0,dilshad garden,3,2.0,Furnished,1.0,Ready_to_move,Resale,Apartment,9200.0,9200000
938,405.0,dilshad garden,1,1.0,Unfurnished,1.0,Ready_to_move,Resale,Apartment,9200.0,2500000
939,1700.0,dilshad garden,3,2.0,Furnished,1.0,Ready_to_move,Resale,Apartment,9200.0,17000000
940,800.0,dilshad garden,3,2.0,Semi-Furnished,1.0,Ready_to_move,Resale,Apartment,9200.0,9030000
941,1076.39,dilshad garden,3,2.0,Unfurnished,10.0,Ready_to_move,Resale,Builder_Floor,8640.0,9300000
942,750.0,dilshad garden,2,1.0,Semi-Furnished,2.0,Ready_to_move,New_Property,Apartment,8640.0,6500000
943,460.0,dilshad garden,2,1.0,Unfurnished,2.0,Ready_to_move,Resale,Builder_Floor,8640.0,3300000
944,370.0,dilshad garden,1,1.0,Unfurnished,2.0,Ready_to_move,Resale,Builder_Floor,6486.0,2400000
945,1800.0,dilshad garden,3,3.0,Semi-Furnished,1.0,Ready_to_move,New_Property,Builder_Floor,8333.0,15000000
946,1080.0,dilshad garden,3,1.0,Unfurnished,1.0,Ready_to_move,New_Property,Apartment,8333.0,7000000
947,350.0,dilshad garden,1,1.0,Unfurnished,1.0,Ready_to_move,Resale,Apartment,12000.0,4200000
948,500.0,dilshad garden,2,1.0,Furnished,1.0,Ready_to_move,Resale,Apartment,12000.0,5800000
949,900.0,dilshad garden,3,2.0,Semi-Furnished,1.0,Ready_to_move,Resale,Apartment,12000.0,4800000
950,800.0,dilshad garden,2,2.0,Semi-Furnished,1.0,Ready_to_move,Resale,Apartment,9375.0,7500000
951,350.0,dilshad garden,1,1.0,Unfurnished,1.0,Ready_to_move,Resale,Apartment,9375.0,3000000
952,430.556,dilshad garden,1,1.0,Unfurnished,1.0,Ready_to_move,Resale,Apartment,9375.0,4300000
953,500.0,dilshad garden,1,1.0,Semi-Furnished,1.0,Ready_to_move,Resale,Builder_Floor,5200.0,2600000
954,1450.0,dilshad garden,2,2.0,Unfurnished,1.0,Ready_to_move,Resale,Apartment,5200.0,7000000
955,800.0,dilshad garden,2,2.0,Unfurnished,1.0,Ready_to_move,Resale,Builder_Floor,7500.0,6000000
956,1000.0,dilshad garden,2,2.0,Semi-Furnished,1.0,Ready_to_move,Resale,Apartment,6700.0,6700000
957,1000.0,dilshad garden,3,3.0,Furnished,1.0,Ready_to_move,Resale,Apartment,9500.0,9500000
958,1600.0,dilshad garden,3,2.0,Semi-Furnished,1.0,Ready_to_move,Resale,Apartment,10625.0,17000000
976,1450.0,vasundhara enclave,3,2.0,Furnished,1.0,Ready_to_move,Resale,Apartment,9655.0,14000000
977,1450.0,vasundhara enclave,3,3.0,Semi-Furnished,1.0,Ready_to_move,Resale,Apartment,9655.0,11600000
978,1150.0,vasundhara enclave,3,3.0,Semi-Furnished,1.0,Ready_to_move,Resale,Apartment,9655.0,12000000
979,780.0,vasundhara enclave,2,2.0,Semi-Furnished,1.0,Ready_to_move,Resale,Apartment,9655.0,7500000
980,1300.0,vasundhara enclave,3,2.0,Semi-Furnished,2.0,Ready_to_move,Resale,Apartment,9655.0,9800000
981,1350.0,new delhi,3,3.0,Semi-Furnished,1.0,Ready_to_move,Resale,Apartment,9655.0,12000000
981,1350.0,new delhi,3,3.0,Semi-Furnished,1.0,Ready_to_move,Resale,Apartment,9655.0,12000000
981,1350.0,vasundhara enclave,3,3.0,Semi-Furnished,1.0,Ready_to_move,Resale,Apartment,9655.0,12000000
982,1200.0,vasundhara enclave,3,2.0,Semi-Furnished,1.0,Ready_to_move,Resale,Apartment,9655.0,12500000
983,1460.0,vasundhara enclave,3,3.0,Semi-Furnished,1.0,Ready_to_move,Resale,Apartment,9655.0,16500000
984,1460.0,vasundhara enclave,3,3.0,Unfurnished,1.0,Ready_to_move,Resale,Apartment,9655.0,12000000
985,1100.0,vasundhara enclave,2,2.0,Unfurnished,1.0,Ready_to_move,Resale,Apartment,9655.0,7200000
986,1500.0,vasundhara enclave,3,3.0,Furnished,2.0,Ready_to_move,Resale,Apartment,10000.0,15000000
987,1050.0,vasundhara enclave,2,2.0,Semi-Furnished,1.0,Ready_to_move,Resale,Apartment,10000.0,10000000
988,1350.0,vasundhara enclave,3,3.0,Semi-Furnished,1.0,Ready_to_move,Resale,Apartment,10000.0,11000000
989,1500.0,okhla,2,2.0,Furnished,2.0,Almost_ready,New_Property,Apartment,16466.0,24700000
990,976.0,okhla,2,2.0,Furnished,2.0,Almost_ready,New_Property,Apartment,25512.0,24900000
991,540.0,okhla,2,1.0,Semi-Furnished,1.0,Ready_to_move,New_Property,Builder_Floor,25512.0,3600000
992,450.0,okhla,1,1.0,Semi-Furnished,1.0,Ready_to_move,New_Property,Builder_Floor,25512.0,1700000
993,900.0,okhla,2,2.0,Unfurnished,1.0,Ready_to_move,Resale,Apartment,25512.0,11000000
994,2500.0,okhla,4,4.0,Semi-Furnished,2.0,Ready_to_move,Resale,Builder_Floor,30000.0,75000000
995,979.5149,okhla,2,2.0,Unfurnished,1.0,Almost_ready,New_Property,Apartment,30000.0,24800000
996,945.0,okhla,2,2.0,Semi-Furnished,1.0,Almost_ready,New_Property,Apartment,30000.0,24900000
997,976.0,okhla,2,2.0,Unfurnished,2.0,Almost_ready,New_Property,Apartment,30000.0,24900000
998,1531.0,okhla,2,2.0,Unfurnished,2.0,Almost_ready,New_Property,Apartment,16917.0,25900000
999,1000.0,okhla,2,2.0,Unfurnished,2.0,Ready_to_move,Resale,Builder_Floor,16917.0,11700000
1000,750.0,okhla,3,2.0,Furnished,2.0,Ready_to_move,Resale,Apartment,16917.0,13500000
1001,900.0,okhla,3,2.0,Furnished,1.0,Ready_to_move,Resale,Builder_Floor,16917.0,5500000
1002,1512.0,okhla,2,2.0,Unfurnished,1.0,Almost_ready,New_Property,Apartment,19841.0,30000000
1003,35.0,okhla,3,2.0,Semi-Furnished,2.0,Ready_to_move,Resale,Apartment,19841.0,4950000
1004,1500.0,okhla,3,2.0,Semi-Furnished,1.0,Ready_to_move,Resale,Apartment,19841.0,16000000
1005,2907.0,okhla,4,4.0,Semi-Furnished,1.0,Ready_to_move,Resale,Apartment,10320.0,30000000
1006,2210.0,okhla,4,3.0,Semi-Furnished,1.0,Ready_to_move,Resale,Builder_Floor,10320.0,41000000
1007,750.0,okhla,2,2.0,Semi-Furnished,1.0,Ready_to_move,Resale,Builder_Floor,10320.0,3800000
1008,2518.7526,okhla,4,5.0,Unfurnished,2.0,Almost_ready,New_Property,Apartment,10320.0,68900000
1009,588.0,okhla,2,2.0,Unfurnished,2.0,Ready_to_move,New_Property,Apartment,10320.0,1800000
1010,540.0,new friends colony,2,1.0,Unfurnished,2.0,Ready_to_move,Resale,Builder_Floor,2778.0,1500000
1011,1100.0,okhla,3,3.0,Semi-Furnished,2.0,Ready_to_move,Resale,Apartment,2778.0,12500000
1012,550.0,okhla,2,1.0,Semi-Furnished,2.0,Ready_to_move,Resale,Apartment,2778.0,1600000
1013,750.0,okhla,3,2.0,Semi-Furnished,1.0,Ready_to_move,Resale,Builder_Floor,2778.0,2400000
1014,1260.0,okhla,3,2.0,Semi-Furnished,1.0,Ready_to_move,Resale,Builder_Floor,5556.0,7000000
1015,675.0,okhla,2,2.0,Unfurnished,1.0,Ready_to_move,Resale,Builder_Floor,5556.0,3100000
1016,810.0,okhla,2,2.0,Semi-Furnished,1.0,Ready_to_move,Resale,Apartment,5556.0,14500000
1017,3150.0,okhla,4,5.0,Semi-Furnished,3.0,Ready_to_move,New_Property,Builder_Floor,5556.0,61500000
1018,2000.0,okhla,4,4.0,Semi-Furnished,1.0,Ready_to_move,Resale,Builder_Floor,5556.0,27500000
1019,1775.0,karol bagh,3,3.0,Semi-Furnished,1.0,Almost_ready,New_Property,Apartment,14366.0,25500000
1020,1135.0,karol bagh,3,3.0,Furnished,2.0,Almost_ready,Resale,Apartment,14366.0,25000000
1021,1252.0,karol bagh,2,2.0,Semi-Furnished,1.0,Almost_ready,New_Property,Apartment,14776.0,18500000
1022,2000.0,karol bagh,4,4.0,Semi-Furnished,1.0,Almost_ready,New_Property,Apartment,14776.0,39700000
1023,530.0,karol bagh,4,1.0,Semi-Furnished,1.0,Ready_to_move,Resale,Apartment,14776.0,6800000
1024,1332.0,karol bagh,3,2.0,Semi-Furnished,1.0,Ready_to_move,Resale,Builder_Floor,14776.0,6540000
1025,1017.0,karol bagh,3,3.0,Semi-Furnished,1.0,Ready_to_move,New_Property,Apartment,14776.0,22000000
1027,987.0,karol bagh,2,2.0,Semi-Furnished,1.0,Ready_to_move,New_Property,Apartment,14366.0,17000000
1028,1912.0,karol bagh,3,3.0,Semi-Furnished,1.0,Almost_ready,New_Property,Apartment,14382.0,27500000
1029,5236.0,karol bagh,5,7.0,Unfurnished,3.0,Almost_ready,New_Property,Apartment,14092.0,73700000
1030,2805.0,karol bagh,4,4.0,Unfurnished,2.0,Almost_ready,Resale,Apartment,14092.0,52300000
1031,1500.0,karol bagh,3,3.0,Unfurnished,2.0,Ready_to_move,Resale,Apartment,14092.0,16000000
1032,1280.0,karol bagh,3,3.0,Furnished,2.0,Ready_to_move,Resale,Builder_Floor,14092.0,15000000
1034,675.0,karol bagh,2,2.0,Semi-Furnished,1.0,Ready_to_move,Resale,Builder_Floor,14815.0,10000000
1035,576.0,karol bagh,2,2.0,Unfurnished,1.0,Ready_to_move,Resale,Apartment,14815.0,5000000
1036,1206.0,karol bagh,3,3.0,Semi-Furnished,1.0,Ready_to_move,Resale,Builder_Floor,16584.0,20000000
1037,1143.0,karol bagh,2,2.0,Unfurnished,1.0,Ready_to_move,Resale,Apartment,125984.0,16000000
1038,345.0,karol bagh,1,1.0,Semi-Furnished,1.0,Ready_to_move,Resale,Builder_Floor,125984.0,5500000
1039,720.0,karol bagh,2,1.0,Semi-Furnished,1.0,Ready_to_move,Resale,Builder_Floor,9722.0,7000000
1040,468.0,karol bagh,2,2.0,Unfurnished,1.0,Ready_to_move,Resale,Builder_Floor,8761.0,4100000
1041,1600.0,karol bagh,3,3.0,Semi-Furnished,1.0,Ready_to_move,New_Property,Builder_Floor,8761.0,24000000
1042,950.0,karol bagh,2,2.0,Furnished,1.0,Ready_to_move,Resale,Apartment,8761.0,12500000
1043,535.0,karol bagh,2,1.0,Furnished,1.0,Ready_to_move,New_Property,Apartment,7290.0,3900000
1044,1200.0,karol bagh,3,2.0,Semi-Furnished,1.0,Ready_to_move,Resale,Builder_Floor,7290.0,14500000
1045,1501.0,karol bagh,3,2.0,Semi-Furnished,1.0,Almost_ready,Resale,Apartment,13324.0,20000000
1046,1135.0,karol bagh,3,3.0,Furnished,2.0,Almost_ready,Resale,Apartment,13324.0,24500000
1047,1200.0,karol bagh,3,2.0,Semi-Furnished,1.0,Almost_ready,Resale,Apartment,13324.0,20900000
1048,2200.0,karol bagh,3,3.0,Semi-Furnished,1.0,Ready_to_move,New_Property,Apartment,13324.0,43100000
1057,2800.0,kirti nagar,4,4.0,Unfurnished,2.0,Ready_to_move,Resale,Apartment,14285.0,40000000
1057,2800.0,moti nagar,4,4.0,Unfurnished,2.0,Ready_to_move,Resale,Apartment,14285.0,40000000
1058,1646.0,kirti nagar,3,3.0,Unfurnished,1.0,Ready_to_move,Resale,Apartment,12151.0,20000000
1058,1646.0,moti nagar,3,3.0,Unfurnished,1.0,Ready_to_move,Resale,Apartment,12151.0,20000000
1059,900.0,kirti nagar,2,2.0,Semi-Furnished,1.0,Ready_to_move,Resale,Apartment,12151.0,6700000
1059,900.0,moti nagar,2,2.0,Semi-Furnished,1.0,Ready_to_move,Resale,Apartment,12151.0,6700000
1060,1250.0,kirti nagar,3,2.0,Semi-Furnished,1.0,Ready_to_move,Resale,Apartment,12151.0,16000000
1060,1250.0,moti nagar,3,2.0,Semi-Furnished,1.0,Ready_to_move,Resale,Apartment,12151.0,16000000
1061,900.0,kirti nagar,3,2.0,Unfurnished,1.0,Ready_to_move,Resale,Builder_Floor,8889.0,8000000
1061,900.0,moti nagar,3,2.0,Unfurnished,1.0,Ready_to_move,Resale,Builder_Floor,8889.0,8000000
1062,1590.0,kirti nagar,3,2.0,Unfurnished,2.0,Ready_to_move,New_Property,Apartment,8889.0,25000000
1062,1590.0,moti nagar,3,2.0,Unfurnished,2.0,Ready_to_move,New_Property,Apartment,8889.0,25000000
1063,990.0,kirti nagar,3,2.0,Unfurnished,2.0,Ready_to_move,Resale,Apartment,8889.0,25000000
1063,990.0,moti nagar,3,2.0,Unfurnished,2.0,Ready_to_move,Resale,Apartment,8889.0,25000000
1064,2282.0,kirti nagar,4,5.0,Unfurnished,2.0,Ready_to_move,Resale,Apartment,8889.0,37500000
1064,2282.0,moti nagar,4,5.0,Unfurnished,2.0,Ready_to_move,Resale,Apartment,8889.0,37500000
1065,1260.0,kirti nagar,3,3.0,Semi-Furnished,1.0,Ready_to_move,Resale,Apartment,8889.0,25000000
1065,1260.0,moti nagar,3,3.0,Semi-Furnished,1.0,Ready_to_move,Resale,Apartment,8889.0,25000000
1066,1457.0,kirti nagar,3,3.0,Unfurnished,1.0,Ready_to_move,Resale,Apartment,8889.0,23000000
1066,1457.0,moti nagar,3,3.0,Unfurnished,1.0,Ready_to_move,Resale,Apartment,8889.0,23000000
1067,1400.0,kirti nagar,3,2.0,Semi-Furnished,2.0,Ready_to_move,Resale,Apartment,8889.0,17500000
1067,1400.0,moti nagar,3,2.0,Semi-Furnished,2.0,Ready_to_move,Resale,Apartment,8889.0,17500000
1068,2175.0,kirti nagar,4,4.0,Unfurnished,1.0,Ready_to_move,Resale,Apartment,8889.0,44000000
1068,2175.0,moti nagar,4,4.0,Unfurnished,1.0,Ready_to_move,Resale,Apartment,8889.0,44000000
1069,1450.0,kirti nagar,3,3.0,Semi-Furnished,2.0,Ready_to_move,New_Property,Apartment,8889.0,15000000
1069,1450.0,moti nagar,3,3.0,Semi-Furnished,2.0,Ready_to_move,New_Property,Apartment,8889.0,15000000
1070,2800.0,kirti nagar,4,5.0,Semi-Furnished,2.0,Ready_to_move,Resale,Apartment,15178.0,42500000
1070,2800.0,moti nagar,4,5.0,Semi-Furnished,2.0,Ready_to_move,Resale,Apartment,15178.0,42500000
1071,861.112,kirti nagar,2,2.0,Furnished,2.0,Ready_to_move,Resale,Builder_Floor,5806.0,5000000
1071,861.112,moti nagar,2,2.0,Furnished,2.0,Ready_to_move,Resale,Builder_Floor,5806.0,5000000
1072,2282.0,kirti nagar,4,5.0,Unfurnished,2.0,Ready_to_move,Resale,Apartment,5806.0,38000000
1072,2282.0,moti nagar,4,5.0,Unfurnished,2.0,Ready_to_move,Resale,Apartment,5806.0,38000000
1073,1753.0,kirti nagar,3,3.0,Unfurnished,1.0,Ready_to_move,Resale,Apartment,10838.0,19000000
1073,1753.0,moti nagar,3,3.0,Unfurnished,1.0,Ready_to_move,Resale,Apartment,10838.0,19000000
1074,2659.0,kirti nagar,4,5.0,Unfurnished,3.0,Ready_to_move,Resale,Apartment,10838.0,43500000
1074,2659.0,moti nagar,4,5.0,Unfurnished,3.0,Ready_to_move,Resale,Apartment,10838.0,43500000
1075,1550.0,kirti nagar,3,2.0,Unfurnished,3.0,Ready_to_move,Resale,Apartment,10838.0,19500000
1075,1550.0,moti nagar,3,2.0,Unfurnished,3.0,Ready_to_move,Resale,Apartment,10838.0,19500000
1076,1470.0,kirti nagar,3,2.0,Semi-Furnished,2.0,Ready_to_move,New_Property,Apartment,10838.0,14200000
1076,1470.0,moti nagar,3,2.0,Semi-Furnished,2.0,Ready_to_move,New_Property,Apartment,10838.0,14200000
1077,702.0,kirti nagar,3,2.0,Semi-Furnished,2.0,Ready_to_move,Resale,Apartment,10838.0,14200000
1077,702.0,moti nagar,3,2.0,Semi-Furnished,2.0,Ready_to_move,Resale,Apartment,10838.0,14200000
1078,1138.0,kirti nagar,2,2.0,Semi-Furnished,2.0,Ready_to_move,New_Property,Apartment,10838.0,13500000
1078,1138.0,moti nagar,2,2.0,Semi-Furnished,2.0,Ready_to_move,New_Property,Apartment,10838.0,13500000
1114,2572.0,punjabi bagh,3,3.0,Furnished,4.0,Ready_to_move,Resale,Apartment,13608.0,35000000
1115,2100.0,punjabi bagh,3,3.0,Semi-Furnished,1.0,Ready_to_move,Resale,Builder_Floor,11905.0,25000000
1116,1620.0,punjabi bagh,3,3.0,Semi-Furnished,1.0,Ready_to_move,New_Property,Builder_Floor,11905.0,29000000
1117,2500.0,punjabi bagh,4,4.0,Semi-Furnished,2.0,Ready_to_move,New_Property,Builder_Floor,11905.0,80000000
1118,2250.0,punjabi bagh,3,3.0,Semi-Furnished,2.0,Ready_to_move,Resale,Apartment,11905.0,20500000
1119,2445.0,punjabi bagh,4,4.0,Semi-Furnished,1.0,Ready_to_move,Resale,Apartment,11905.0,52500000
1120,2250.0,punjabi bagh,4,4.0,Unfurnished,2.0,Ready_to_move,New_Property,Builder_Floor,11905.0,37500000
1121,800.0,punjabi bagh,2,2.0,Semi-Furnished,2.0,Ready_to_move,Resale,Apartment,11905.0,7500000
1122,1450.0,punjabi bagh,3,3.0,Semi-Furnished,2.0,Ready_to_move,Resale,Builder_Floor,11905.0,32500000
1123,1440.0,punjabi bagh,3,3.0,Unfurnished,2.0,Ready_to_move,Resale,Builder_Floor,11905.0,24500000
1124,5220.0,punjabi bagh,5,5.0,Unfurnished,2.0,Ready_to_move,Resale,Builder_Floor,11905.0,65000000
1125,1800.0,punjabi bagh,3,3.0,Semi-Furnished,2.0,Ready_to_move,New_Property,Builder_Floor,11905.0,27500000
1126,4455.0,punjabi bagh,5,5.0,Semi-Furnished,1.0,Almost_ready,New_Property,Builder_Floor,11905.0,115000000
1127,195.0,punjabi bagh,3,3.0,Semi-Furnished,1.0,Almost_ready,New_Property,Builder_Floor,11905.0,28000000
1128,807.2925,punjabi bagh,2,1.0,Semi-Furnished,1.0,Ready_to_move,Resale,Builder_Floor,9909.0,8000000
1129,3500.0,punjabi bagh,4,4.0,Furnished,3.0,Ready_to_move,New_Property,Builder_Floor,9909.0,75100000
1130,1000.0,punjabi bagh,2,2.0,Semi-Furnished,1.0,Ready_to_move,Resale,Apartment,7800.0,7800000
1131,900.0,punjabi bagh,2,2.0,Semi-Furnished,1.0,Ready_to_move,Resale,Builder_Floor,16667.0,15000000
1132,1800.0,punjabi bagh,3,3.0,Furnished,1.0,Ready_to_move,Resale,Builder_Floor,15278.0,27500000
1133,17010.0,punjabi bagh,3,3.0,Semi-Furnished,2.0,Ready_to_move,Resale,Builder_Floor,15278.0,25000000
1134,2340.0,punjabi bagh,4,4.0,Semi-Furnished,1.0,Ready_to_move,Resale,Builder_Floor,15278.0,26000000
1135,1350.0,punjabi bagh,3,3.0,Unfurnished,1.0,Ready_to_move,Resale,Apartment,15278.0,23500000
1136,464.0,punjabi bagh,3,1.0,Unfurnished,1.0,Ready_to_move,Resale,Builder_Floor,15278.0,4200000
1137,954.0,punjabi bagh,2,2.0,Unfurnished,1.0,Ready_to_move,Resale,Builder_Floor,15278.0,10000000
1138,1155.0,punjabi bagh,2,2.0,Semi-Furnished,1.0,Ready_to_move,Resale,Builder_Floor,15278.0,18500000
1186,800.0,new delhi,2,2.0,Semi-Furnished,1.0,Ready_to_move,Resale,Builder_Floor,10000.0,8000000
1186,800.0,new delhi,2,2.0,Semi-Furnished,1.0,Ready_to_move,Resale,Builder_Floor,10000.0,8000000
1186,800.0,kalkaji,2,2.0,Semi-Furnished,1.0,Ready_to_move,Resale,Builder_Floor,10000.0,8000000
1187,1150.0,kalkaji,2,3.0,Semi-Furnished,2.0,Ready_to_move,Resale,Apartment,10000.0,16100000
1188,900.0,govindpuri,3,3.0,Semi-Furnished,1.0,Ready_to_move,New_Property,Builder_Floor,10000.0,6800000
1188,900.0,kalkaji,3,3.0,Semi-Furnished,1.0,Ready_to_move,New_Property,Builder_Floor,10000.0,6800000
1189,1070.0,kalkaji,3,2.0,Furnished,1.0,Ready_to_move,Resale,Apartment,10000.0,6800000
1190,1050.0,kalkaji,2,2.0,Unfurnished,1.0,Ready_to_move,Resale,Apartment,10000.0,9000000
1191,1000.0,kalkaji,2,2.0,Semi-Furnished,1.0,Ready_to_move,Resale,Builder_Floor,18000.0,18000000
1192,1550.0,kalkaji,3,3.0,Unfurnished,2.0,Ready_to_move,Resale,Builder_Floor,18000.0,27500000
1193,1300.0,kalkaji,3,2.0,Unfurnished,1.0,Ready_to_move,Resale,Apartment,18000.0,13500000
1194,810.0,kalkaji,2,2.0,Semi-Furnished,1.0,Ready_to_move,New_Property,Builder_Floor,18000.0,14000000
1195,900.0,kalkaji,2,2.0,Furnished,1.0,Ready_to_move,Resale,Builder_Floor,18000.0,9000000
1196,1200.0,kalkaji,2,2.0,Unfurnished,1.0,Ready_to_move,Resale,Apartment,18000.0,16000000
1197,1000.0,kalkaji,2,3.0,Semi-Furnished,1.0,Ready_to_move,Resale,Apartment,18000.0,11000000
1198,720.0,govindpuri,2,2.0,Unfurnished,1.0,Almost_ready,New_Property,Builder_Floor,18000.0,5500000
1198,720.0,kalkaji,2,2.0,Unfurnished,1.0,Almost_ready,New_Property,Builder_Floor,18000.0,5500000
1201,1800.0,hauz khas,3,3.0,Semi-Furnished,2.0,Ready_to_move,New_Property,Builder_Floor,24166.0,43500000
1202,6000.0,hauz khas,5,5.0,Semi-Furnished,3.0,Ready_to_move,New_Property,Apartment,30000.0,180000000
1203,1800.0,hauz khas,4,4.0,Semi-Furnished,2.0,Ready_to_move,New_Property,Builder_Floor,30000.0,80000000
1204,2000.0,hauz khas,3,3.0,Unfurnished,2.0,Ready_to_move,Resale,Apartment,30000.0,37500000
1205,2066.0,hauz khas,4,4.0,Unfurnished,2.0,Almost_ready,New_Property,Builder_Floor,30000.0,60000000
1206,2050.0,hauz khas,3,3.0,Semi-Furnished,2.0,Ready_to_move,New_Property,Builder_Floor,30000.0,71000000
1207,1100.0,hauz khas,3,3.0,Unfurnished,2.0,Ready_to_move,Resale,Apartment,30000.0,18500000
1208,4500.0,hauz khas,4,4.0,Semi-Furnished,2.0,Ready_to_move,New_Property,Builder_Floor,30000.0,70000000
1209,4500.0,hauz khas,4,5.0,Semi-Furnished,2.0,Ready_to_move,New_Property,Builder_Floor,170000.0,85000000
1210,6500.0,hauz khas,4,5.0,Unfurnished,3.0,Ready_to_move,New_Property,Builder_Floor,170000.0,190000000
1211,4350.0,hauz khas,4,6.0,Semi-Furnished,2.0,Ready_to_move,New_Property,Apartment,170000.0,135000000
1212,1750.0,hauz khas,3,3.0,Unfurnished,2.0,Ready_to_move,Resale,Builder_Floor,170000.0,35000000
1213,3600.0,hauz khas,4,4.0,Semi-Furnished,2.0,Almost_ready,New_Property,Builder_Floor,18055.0,65000000
1214,1200.0,hauz khas,2,2.0,Furnished,1.0,Ready_to_move,Resale,Builder_Floor,18055.0,27500000
1215,1500.0,hauz khas,3,4.0,Unfurnished,2.0,Ready_to_move,Resale,Builder_Floor,18055.0,45000000
1216,2250.0,hauz khas,4,4.0,Unfurnished,3.0,Ready_to_move,New_Property,Builder_Floor,18055.0,100000000
1217,1800.0,hauz khas,3,4.0,Semi-Furnished,2.0,Ready_to_move,New_Property,Builder_Floor,18055.0,47000000
1218,1600.0,hauz khas,3,4.0,Semi-Furnished,2.0,Ready_to_move,Resale,Builder_Floor,18055.0,27500000
1219,2800.0,hauz khas,4,5.0,Semi-Furnished,3.0,Ready_to_move,New_Property,Builder_Floor,25000.0,70000000
1220,1700.0,hauz khas,3,3.0,Semi-Furnished,1.0,Ready_to_move,Resale,Apartment,25000.0,36500000
1221,2400.0,hauz khas,4,5.0,Unfurnished,1.0,Ready_to_move,Resale,Builder_Floor,25000.0,65000000
1222,1980.0,hauz khas,3,4.0,Unfurnished,1.0,Almost_ready,New_Property,Apartment,17677.0,35000000
1223,2100.0,hauz khas,4,5.0,Semi-Furnished,1.0,Ready_to_move,New_Property,Builder_Floor,17677.0,56000000
1224,5400.0,hauz khas,4,4.0,Unfurnished,2.0,Ready_to_move,Resale,Builder_Floor,17677.0,110000000
1225,1250.0,hauz khas,3,3.0,Semi-Furnished,1.0,Ready_to_move,Resale,Builder_Floor,17677.0,24000000
1226,2300.0,hauz khas,4,4.0,Semi-Furnished,1.0,Ready_to_move,New_Property,Builder_Floor,17677.0,102500000
1227,2700.0,hauz khas,4,4.0,Semi-Furnished,2.0,Ready_to_move,New_Property,Builder_Floor,37037.0,100000000
1228,1450.0,hauz khas,3,3.0,Semi-Furnished,1.0,Ready_to_move,New_Property,Builder_Floor,37037.0,45000000
1231,1600.0,chittaranjan park,3,3.0,Semi-Furnished,2.0,Ready_to_move,New_Property,Builder_Floor,20938.0,33500000
1232,2600.0,chittaranjan park,4,5.0,Semi-Furnished,3.0,Ready_to_move,New_Property,Builder_Floor,20938.0,62500000
1233,1700.0,chittaranjan park,3,3.0,Semi-Furnished,2.0,Ready_to_move,New_Property,Builder_Floor,20938.0,47500000
1234,1116.0,chittaranjan park,3,3.0,Semi-Furnished,1.0,Ready_to_move,Resale,Builder_Floor,20938.0,14700000
1235,1070.0,chittaranjan park,2,3.0,Semi-Furnished,1.0,Ready_to_move,New_Property,Builder_Floor,20938.0,18000000
1236,1200.0,chittaranjan park,3,3.0,Semi-Furnished,1.0,Ready_to_move,New_Property,Builder_Floor,20938.0,22500000
1237,1200.0,chittaranjan park,3,3.0,Unfurnished,1.0,Ready_to_move,New_Property,Builder_Floor,18333.0,22000000
1238,1200.0,chittaranjan park,3,3.0,Semi-Furnished,1.0,Ready_to_move,New_Property,Builder_Floor,18333.0,22200000
1239,1450.0,chittaranjan park,3,3.0,Semi-Furnished,1.0,Ready_to_move,Resale,Builder_Floor,18333.0,22500000
1240,1000.0,chittaranjan park,2,2.0,Semi-Furnished,1.0,Ready_to_move,Resale,Apartment,18333.0,7500000
1241,2430.0,chittaranjan park,4,4.0,Furnished,5.0,Ready_to_move,Resale,Builder_Floor,18333.0,30000000
1242,945.0,chittaranjan park,2,1.0,Unfurnished,5.0,Ready_to_move,Resale,Apartment,6878.0,6500000
1243,1650.0,chittaranjan park,3,3.0,Unfurnished,5.0,Ready_to_move,New_Property,Builder_Floor,6878.0,35000000
1244,1350.0,kalkaji,3,2.0,Semi-Furnished,1.0,Ready_to_move,Resale,Builder_Floor,6878.0,17500000
1245,2625.0,chittaranjan park,4,5.0,Semi-Furnished,2.0,Ready_to_move,New_Property,Builder_Floor,6878.0,60000000
1246,1800.0,chittaranjan park,4,4.0,Semi-Furnished,2.0,Ready_to_move,New_Property,Builder_Floor,6878.0,40000000
1247,125.0,chittaranjan park,3,3.0,Semi-Furnished,2.0,Ready_to_move,New_Property,Builder_Floor,6878.0,11500000
1248,1440.0,chittaranjan park,3,3.0,Semi-Furnished,2.0,Ready_to_move,New_Property,Builder_Floor,6878.0,22500000
1249,1900.0,chittaranjan park,3,4.0,Semi-Furnished,2.0,Ready_to_move,New_Property,Builder_Floor,6878.0,28500000
1250,1800.0,chittaranjan park,3,3.0,Semi-Furnished,2.0,Ready_to_move,Resale,Builder_Floor,6878.0,29000000
1251,1200.0,chittaranjan park,3,2.0,Semi-Furnished,1.0,Ready_to_move,Resale,Builder_Floor,12916.0,15500000
1252,1800.0,kalkaji,3,3.0,Semi-Furnished,1.0,Ready_to_move,Resale,Builder_Floor,12916.0,26000000
1253,1200.0,chittaranjan park,3,3.0,Semi-Furnished,1.0,Ready_to_move,Resale,Builder_Floor,12916.0,16500000
1254,4118.0,chittaranjan park,4,5.0,Unfurnished,3.0,Ready_to_move,New_Property,Builder_Floor,12916.0,55000000
1255,1050.0,chittaranjan park,3,2.0,Semi-Furnished,3.0,Ready_to_move,Resale,Builder_Floor,12916.0,12500000
1256,875.0,chittaranjan park,3,3.0,Semi-Furnished,3.0,Ready_to_move,New_Property,Builder_Floor,12916.0,17500000
1257,990.0,chittaranjan park,2,2.0,Unfurnished,1.0,Ready_to_move,Resale,Builder_Floor,12916.0,11500000
1258,11050.0,chittaranjan park,3,3.0,Unfurnished,1.0,Ready_to_move,New_Property,Builder_Floor,12916.0,18500000
