Area_Name,Area,BHK,Bathroom,Transaction,Furnishing,Type,Price
rohini,750,2,2,New_Property,Semi-Furnished,Apartment,5000000
rohini,950,2,2,Resale,Furnished,Apartment,15500000
rohini,600,2,2,Resale,Semi-Furnished,Builder_Floor,4200000
rohini,650,2,2,New_Property,Semi-Furnished,Builder_Floor,6200000
rohini,1300,4,3,New_Property,Semi-Furnished,Builder_Floor,15500000
rohini,1350,4,3,Resale,Semi-Furnished,Builder_Floor,10000000
rohini,650,2,2,New_Property,Semi-Furnished,Apartment,4000000
rohini,1300,4,4,New_Property,Semi-Furnished,Builder_Floor,15000000
rohini,1100,3,2,New_Property,Semi-Furnished,Builder_Floor,6200000
rohini,550,2,2,New_Property,Semi-Furnished,Builder_Floor,4500000
rohini,1100,4,3,New_Property,Semi-Furnished,Builder_Floor,17000000
rohini,1150,3,3,Resale,Semi-Furnished,Apartment,25000000
rohini,650,2,2,Resale,Semi-Furnished,Builder_Floor,6000000
rohini,850,2,2,Resale,Semi-Furnished,Apartment,11000000
rohini,900,3,2,Resale,Semi-Furnished,Builder_Floor,4500000
rohini,900,2,2,Resale,Semi-Furnished,Apartment,10500000
rohini,1100,3,3,New_Property,Furnished,Builder_Floor,7000000
rohini,800,3,2,Resale,Semi-Furnished,Builder_Floor,7000000
rohini,500,1,1,Resale,Semi-Furnished,Apartment,3400000
lajpat nagar,900,2,2,New_Property,Semi-Furnished,Builder_Floor,13000000
lajpat nagar,1000,3,3,New_Property,Semi-Furnished,Builder_Floor,22000000
lajpat nagar,900,2,2,New_Property,Semi-Furnished,Builder_Floor,15800000
lajpat nagar,900,2,2,Resale,Unfurnished,Builder_Floor,10000000
lajpat nagar,1600,3,3,New_Property,Unfurnished,Builder_Floor,30000000
lajpat nagar,1150,3,3,New_Property,Semi-Furnished,Builder_Floor,24000000
lajpat nagar,1500,3,3,Resale,Semi-Furnished,Builder_Floor,31500000
lajpat nagar,850,2,2,Resale,Semi-Furnished,Builder_Floor,14600000
lajpat nagar,8000,4,5,New_Property,Semi-Furnished,Builder_Floor,240000000
lajpat nagar,1100,3,3,New_Property,Unfurnished,Builder_Floor,22500000
lajpat nagar,1500,3,3,Resale,Semi-Furnished,Builder_Floor,40000000
lajpat nagar,2700,4,4,Resale,Semi-Furnished,Builder_Floor,55000000
lajpat nagar,1400,3,3,Resale,Unfurnished,Builder_Floor,24500000
lajpat nagar,1800,3,3,Resale,Unfurnished,Apartment,24500000
lajpat nagar,1400,3,3,New_Property,Semi-Furnished,Builder_Floor,32500000
lajpat nagar,1000,2,2,Resale,Furnished,Apartment,20000000
lajpat nagar,1700,3,3,Resale,Furnished,Builder_Floor,19000000
lajpat nagar,1600,3,3,Resale,Unfurnished,Builder_Floor,26000000
lajpat nagar,1350,3,3,Resale,Unfurnished,Builder_Floor,21000000
lajpat nagar,1700,3,3,Resale,Semi-Furnished,Builder_Floor,27500000
lajpat nagar,1450,3,3,New_Property,Semi-Furnished,Builder_Floor,45000000
lajpat nagar,1350,3,3,Resale,Semi-Furnished,Builder_Floor,21000000
lajpat nagar,1700,3,3,Resale,Unfurnished,Builder_Floor,28000000
lajpat nagar,1600,3,3,Resale,Unfurnished,Builder_Floor,29500000
lajpat nagar,1350,2,2,Resale,Furnished,Builder_Floor,12500000
lajpat nagar,1500,3,3,New_Property,Semi-Furnished,Builder_Floor,26000000
lajpat nagar,750,2,2,New_Property,Semi-Furnished,Builder_Floor,11500000
lajpat nagar,1350,3,3,Resale,Semi-Furnished,Builder_Floor,22000000
lajpat nagar,900,2,2,New_Property,Semi-Furnished,Builder_Floor,13400000
lajpat nagar,1800,3,3,New_Property,Semi-Furnished,Builder_Floor,35000000
lajpat nagar,900,2,2,Resale,Furnished,Builder_Floor,11000000
lajpat nagar,900,2,2,Resale,Unfurnished,Builder_Floor,6300000
lajpat nagar,900,2,2,Resale,Furnished,Builder_Floor,12500000
lajpat nagar,800,2,2,New_Property,Unfurnished,Builder_Floor,14500000
lajpat nagar,1100,2,3,New_Property,Semi-Furnished,Builder_Floor,22500000
lajpat nagar,900,2,2,New_Property,Unfurnished,Builder_Floor,13000000
lajpat nagar,1350,3,3,New_Property,Semi-Furnished,Builder_Floor,25000000
lajpat nagar,750,2,2,New_Property,Semi-Furnished,Builder_Floor,16500000
lajpat nagar,900,2,2,New_Property,Unfurnished,Builder_Floor,10300000
lajpat nagar,1350,3,3,New_Property,Semi-Furnished,Builder_Floor,26000000
lajpat nagar,900,2,2,Resale,Unfurnished,Builder_Floor,11000000
lajpat nagar,1800,3,3,New_Property,Unfurnished,Builder_Floor,28500000
rohini,1000,2,2,Resale,Semi-Furnished,Apartment,7600000
rohini,1550,4,3,New_Property,Semi-Furnished,Builder_Floor,12500000
rohini,850,3,2,New_Property,Semi-Furnished,Builder_Floor,6500000
rohini,850,3,2,New_Property,Semi-Furnished,Builder_Floor,7300000
rohini,950,3,2,New_Property,Semi-Furnished,Builder_Floor,7600000
rohini,2300,4,4,New_Property,Semi-Furnished,Builder_Floor,20000000
rohini,800,2,2,New_Property,Semi-Furnished,Apartment,5500000
rohini,350,1,1,New_Property,Semi-Furnished,Apartment,2000000
rohini,1600,4,3,New_Property,Semi-Furnished,Apartment,13000000
rohini,1450,3,3,New_Property,Semi-Furnished,Apartment,11500000
rohini,1600,3,3,New_Property,Semi-Furnished,Apartment,13500000
rohini,1500,3,2,New_Property,Semi-Furnished,Apartment,12000000
rohini,550,2,2,New_Property,Semi-Furnished,Apartment,3500000
rohini,2500,4,3,New_Property,Semi-Furnished,Apartment,15000000
rohini,2800,5,4,New_Property,Semi-Furnished,Apartment,17500000
rohini,300,1,1,New_Property,Semi-Furnished,Apartment,1900000
rohini,800,3,2,New_Property,Semi-Furnished,Apartment,5500000
rohini,700,3,2,New_Property,Semi-Furnished,Apartment,4700000
rohini,350,1,1,New_Property,Semi-Furnished,Builder_Floor,2400000
rohini,450,2,2,New_Property,Semi-Furnished,Builder_Floor,3800000
rohini,2200,4,4,New_Property,Semi-Furnished,Builder_Floor,23000000
rohini,2300,4,4,New_Property,Semi-Furnished,Builder_Floor,24500000
rohini,1150,3,2,New_Property,Semi-Furnished,Builder_Floor,10000000
rohini,800,3,2,New_Property,Semi-Furnished,Builder_Floor,5500000
rohini,850,3,2,New_Property,Semi-Furnished,Builder_Floor,7000000
uttam nagar,950,3,2,New_Property,Furnished,Apartment,4370000
greater kailash,2400,4,4,New_Property,Semi-Furnished,Apartment,70000000
greater kailash,2700,4,3,New_Property,Semi-Furnished,Builder_Floor,60000000
Other,2900,5,5,New_Property,Furnished,Builder_Floor,51000000
uttam nagar,1000,3,2,New_Property,Semi-Furnished,Builder_Floor,5510000
Other,850,2,2,New_Property,Semi-Furnished,Apartment,2940000
Other,1800,4,3,Resale,Semi-Furnished,Builder_Floor,55000000
vasant kunj,1100,2,2,Resale,Semi-Furnished,Apartment,15000000
greater kailash,22050,4,4,New_Property,Semi-Furnished,Builder_Floor,51000000
rohini,1550,4,3,New_Property,Semi-Furnished,Builder_Floor,13000000
greater kailash,1600,3,3,New_Property,Semi-Furnished,Builder_Floor,30000000
Other,700,2,2,New_Property,Semi-Furnished,Builder_Floor,2400000
new friends colony,4500,4,4,New_Property,Semi-Furnished,Builder_Floor,60000000
new friends colony,1800,4,4,New_Property,Semi-Furnished,Builder_Floor,65000000
maharani bagh,6000,5,5,New_Property,Semi-Furnished,Builder_Floor,220000000
new friends colony,6000,5,5,New_Property,Semi-Furnished,Builder_Floor,220000000
new friends colony,4300,4,4,Resale,Unfurnished,Builder_Floor,60000000
new friends colony,1700,3,3,New_Property,Semi-Furnished,Builder_Floor,38500000
maharani bagh,2500,3,3,Resale,Semi-Furnished,Apartment,50000000
new friends colony,2500,3,3,Resale,Semi-Furnished,Apartment,50000000
new friends colony,4500,4,4,New_Property,Semi-Furnished,Builder_Floor,75000000
new friends colony,2450,4,4,New_Property,Furnished,Builder_Floor,70000000
maharani bagh,4800,3,4,Resale,Semi-Furnished,Builder_Floor,85000000
new friends colony,4800,3,4,Resale,Semi-Furnished,Builder_Floor,85000000
new friends colony,1600,3,3,Resale,Semi-Furnished,Apartment,40000000
new friends colony,3500,4,4,Resale,Unfurnished,Builder_Floor,90000000
new friends colony,2100,4,5,New_Property,Semi-Furnished,Builder_Floor,56000000
new friends colony,4200,5,5,New_Property,Semi-Furnished,Builder_Floor,135500000
new friends colony,1500,3,3,New_Property,Semi-Furnished,Builder_Floor,60000000
maharani bagh,8150,4,5,New_Property,Unfurnished,Builder_Floor,170000000
new friends colony,8150,4,5,New_Property,Unfurnished,Builder_Floor,170000000
maharani bagh,2200,4,4,Resale,Semi-Furnished,Builder_Floor,50000000
new friends colony,2200,4,4,Resale,Semi-Furnished,Builder_Floor,50000000
new friends colony,3500,4,5,New_Property,Semi-Furnished,Builder_Floor,58000000
maharani bagh,3500,3,3,Resale,Unfurnished,Builder_Floor,45000000
new friends colony,3500,3,3,Resale,Unfurnished,Builder_Floor,45000000
new friends colony,2000,4,4,New_Property,Semi-Furnished,Builder_Floor,70000000
new friends colony,2550,4,4,Resale,Unfurnished,Builder_Floor,60000000
new friends colony,4500,4,4,Resale,Semi-Furnished,Builder_Floor,70000000
new friends colony,1400,3,3,New_Property,Semi-Furnished,Builder_Floor,50000000
new friends colony,2800,4,5,New_Property,Semi-Furnished,Builder_Floor,75000000
new friends colony,2700,4,4,New_Property,Semi-Furnished,Builder_Floor,52500000
new friends colony,4500,4,4,Resale,Semi-Furnished,Builder_Floor,55000000
maharani bagh,7200,4,4,Resale,Semi-Furnished,Builder_Floor,120000000
new friends colony,7200,4,4,Resale,Semi-Furnished,Builder_Floor,120000000
kailash colony,3500,5,5,New_Property,Semi-Furnished,Builder_Floor,70000000
greater kailash,3500,5,5,New_Property,Semi-Furnished,Builder_Floor,70000000
kailash colony,2200,4,4,New_Property,Semi-Furnished,Builder_Floor,47500000
greater kailash,2200,4,4,New_Property,Semi-Furnished,Builder_Floor,47500000
kailash colony,2200,4,4,New_Property,Semi-Furnished,Builder_Floor,40000000
greater kailash,2200,4,4,New_Property,Semi-Furnished,Builder_Floor,40000000
kailash colony,3500,4,4,New_Property,Semi-Furnished,Builder_Floor,85000000
greater kailash,3500,4,4,New_Property,Semi-Furnished,Builder_Floor,85000000
kailash colony,3150,4,4,Resale,Semi-Furnished,Builder_Floor,35000000
greater kailash,3150,4,4,Resale,Semi-Furnished,Builder_Floor,35000000
kailash colony,900,2,2,Resale,Semi-Furnished,Builder_Floor,20000000
greater kailash,900,2,2,Resale,Semi-Furnished,Builder_Floor,20000000
kailash colony,1200,3,2,Resale,Semi-Furnished,Builder_Floor,17000000
greater kailash,1200,3,2,Resale,Semi-Furnished,Builder_Floor,17000000
kailash colony,4500,4,4,Resale,Semi-Furnished,Builder_Floor,47500000
greater kailash,4500,4,4,Resale,Semi-Furnished,Builder_Floor,47500000
kailash colony,1350,3,3,New_Property,Unfurnished,Builder_Floor,26000000
greater kailash,1350,3,3,New_Property,Unfurnished,Builder_Floor,26000000
kailash colony,1200,3,3,New_Property,Unfurnished,Builder_Floor,25000000
greater kailash,1200,3,3,New_Property,Unfurnished,Builder_Floor,25000000
kailash colony,1500,3,3,New_Property,Semi-Furnished,Builder_Floor,40000000
greater kailash,1500,3,3,New_Property,Semi-Furnished,Builder_Floor,40000000
kailash colony,1600,3,3,Resale,Unfurnished,Builder_Floor,22500000
greater kailash,1600,3,3,Resale,Unfurnished,Builder_Floor,22500000
kailash colony,4500,4,4,New_Property,Semi-Furnished,Builder_Floor,70000000
greater kailash,4500,4,4,New_Property,Semi-Furnished,Builder_Floor,70000000
kailash colony,2150,4,4,New_Property,Unfurnished,Builder_Floor,45000000
greater kailash,2150,4,4,New_Property,Unfurnished,Builder_Floor,45000000
kailash colony,1150,3,3,New_Property,Semi-Furnished,Builder_Floor,25500000
greater kailash,1150,3,3,New_Property,Semi-Furnished,Builder_Floor,25500000
kailash colony,1000,2,2,Resale,Unfurnished,Builder_Floor,15000000
greater kailash,1000,2,2,Resale,Unfurnished,Builder_Floor,15000000
kailash colony,4500,4,4,Resale,Semi-Furnished,Builder_Floor,55000000
greater kailash,4500,4,4,Resale,Semi-Furnished,Builder_Floor,55000000
kailash colony,1150,3,3,New_Property,Semi-Furnished,Builder_Floor,26000000
greater kailash,1150,3,3,New_Property,Semi-Furnished,Builder_Floor,26000000
kailash colony,2000,4,4,Resale,Semi-Furnished,Builder_Floor,38000000
greater kailash,2000,4,4,Resale,Semi-Furnished,Builder_Floor,38000000
kailash colony,4500,4,5,Resale,Semi-Furnished,Builder_Floor,72500000
greater kailash,4500,4,5,Resale,Semi-Furnished,Builder_Floor,72500000
kailash colony,3000,4,5,New_Property,Semi-Furnished,Builder_Floor,65000000
greater kailash,3000,4,5,New_Property,Semi-Furnished,Builder_Floor,65000000
shahdara,650,2,2,Resale,Semi-Furnished,Apartment,5800000
shahdara,950,3,2,Resale,Semi-Furnished,Apartment,5500000
shahdara,750,2,2,Resale,Unfurnished,Builder_Floor,4500000
shahdara,800,3,2,Resale,Semi-Furnished,Builder_Floor,3800000
shahdara,1350,4,3,New_Property,Semi-Furnished,Builder_Floor,11300000
shahdara,850,3,2,Resale,Semi-Furnished,Builder_Floor,4500000
shahdara,1300,4,3,New_Property,Furnished,Builder_Floor,11500000
shahdara,900,3,2,New_Property,Semi-Furnished,Builder_Floor,6000000
shahdara,1050,3,2,Resale,Semi-Furnished,Apartment,9000000
shahdara,850,2,2,Resale,Furnished,Builder_Floor,4500000
shahdara,1650,4,3,New_Property,Furnished,Apartment,14000000
shahdara,1150,2,2,Resale,Semi-Furnished,Apartment,7300000
shahdara,900,2,2,Resale,Semi-Furnished,Apartment,6500000
yamuna vihar,900,2,2,Resale,Semi-Furnished,Apartment,6500000
shahdara,850,3,2,Resale,Furnished,Builder_Floor,5700000
yamuna vihar,850,3,2,Resale,Furnished,Builder_Floor,5700000
shahdara,2250,3,2,Resale,Furnished,Builder_Floor,18500000
yamuna vihar,2250,3,2,Resale,Furnished,Builder_Floor,18500000
shahdara,1500,5,3,Resale,Furnished,Builder_Floor,30000000
yamuna vihar,1500,5,3,Resale,Furnished,Builder_Floor,30000000
shahdara,700,2,1,New_Property,Furnished,Builder_Floor,16000000
yamuna vihar,700,2,1,New_Property,Furnished,Builder_Floor,16000000
laxmi nagar,450,2,1,Resale,Semi-Furnished,Builder_Floor,3500000
laxmi nagar,1000,2,2,Resale,Unfurnished,Apartment,7500000
laxmi nagar,900,3,2,Resale,Semi-Furnished,Builder_Floor,7000000
laxmi nagar,800,3,2,New_Property,Semi-Furnished,Builder_Floor,4500000
laxmi nagar,450,2,1,New_Property,Semi-Furnished,Builder_Floor,2700000
laxmi nagar,1700,4,3,New_Property,Unfurnished,Builder_Floor,11500000
laxmi nagar,550,2,2,New_Property,Unfurnished,Builder_Floor,3600000
laxmi nagar,450,2,1,Resale,Unfurnished,Apartment,2500000
laxmi nagar,900,4,2,Resale,Furnished,Builder_Floor,6600000
laxmi nagar,500,2,1,Resale,Semi-Furnished,Builder_Floor,3700000
laxmi nagar,800,3,2,Resale,Semi-Furnished,Builder_Floor,5400000
laxmi nagar,450,2,2,New_Property,Semi-Furnished,Builder_Floor,2550000
laxmi nagar,1000,3,3,Resale,Furnished,Builder_Floor,12500000
laxmi nagar,600,2,2,Resale,Unfurnished,Builder_Floor,7000000
laxmi nagar,900,3,2,Resale,Semi-Furnished,Builder_Floor,6000000
laxmi nagar,1000,3,2,Resale,Unfurnished,Apartment,6000000
uttam nagar,450,2,1,New_Property,Semi-Furnished,Builder_Floor,1850000
uttam nagar,1000,3,2,New_Property,Semi-Furnished,Builder_Floor,6200000
uttam nagar,550,2,2,New_Property,Semi-Furnished,Builder_Floor,1900000
uttam nagar,550,2,1,New_Property,Semi-Furnished,Builder_Floor,2000000
uttam nagar,550,2,2,New_Property,Semi-Furnished,Builder_Floor,2600000
patel nagar,800,3,2,Resale,Unfurnished,Builder_Floor,8000000
patel nagar,900,3,2,Resale,Semi-Furnished,Builder_Floor,9500000
patel nagar,900,2,2,Resale,Furnished,Builder_Floor,7400000
patel nagar,2000,3,3,Resale,Semi-Furnished,Apartment,37500000
patel nagar,2000,4,4,Resale,Semi-Furnished,Builder_Floor,15000000
patel nagar,1900,3,3,New_Property,Semi-Furnished,Apartment,55300000
patel nagar,100,3,2,Resale,Semi-Furnished,Apartment,16000000
patel nagar,900,3,2,Resale,Furnished,Builder_Floor,10400000
patel nagar,950,2,2,Resale,Semi-Furnished,Builder_Floor,8000000
patel nagar,1800,3,3,Resale,Semi-Furnished,Builder_Floor,27000000
patel nagar,1500,3,3,Resale,Semi-Furnished,Builder_Floor,19500000
patel nagar,1800,3,3,Resale,Furnished,Apartment,50000000
patel nagar,1800,3,3,Resale,Unfurnished,Builder_Floor,21100000
patel nagar,850,2,3,Resale,Semi-Furnished,Builder_Floor,5900000
patel nagar,900,3,2,Resale,Unfurnished,Builder_Floor,12000000
patel nagar,1800,3,3,Resale,Unfurnished,Apartment,24000000
patel nagar,200,1,1,Resale,Semi-Furnished,Apartment,7000000
patel nagar,900,2,2,Resale,Furnished,Builder_Floor,1500000
patel nagar,1500,3,3,Resale,Unfurnished,Builder_Floor,12500000
vasant kunj,2000,3,3,Resale,Unfurnished,Apartment,31000000
vasant kunj,650,1,2,Resale,Semi-Furnished,Apartment,7400000
vasant kunj,1100,2,2,Resale,Unfurnished,Apartment,15500000
vasant kunj,1450,3,2,Resale,Semi-Furnished,Apartment,23500000
vasant kunj,1200,3,2,Resale,Semi-Furnished,Apartment,25000000
vasant kunj,600,1,2,New_Property,Unfurnished,Apartment,7000000
vasant kunj,1000,2,2,Resale,Unfurnished,Apartment,17500000
vasant kunj,1600,3,2,Resale,Semi-Furnished,Apartment,25000000
vasant kunj,1750,4,4,New_Property,Unfurnished,Apartment,29000000
vasant kunj,1300,3,3,Resale,Semi-Furnished,Apartment,21900000
vasant kunj,550,1,2,Resale,Furnished,Apartment,7500000
vasant kunj,2200,4,3,Resale,Semi-Furnished,Apartment,23500000
vasant kunj,1100,2,2,Resale,Semi-Furnished,Apartment,24000000
vasant kunj,1700,3,2,Resale,Semi-Furnished,Builder_Floor,31000000
vasant kunj,1100,2,2,Resale,Semi-Furnished,Apartment,16500000
vasant kunj,1000,2,2,Resale,Furnished,Builder_Floor,5000000
vasant kunj,1350,3,2,New_Property,Furnished,Apartment,24000000
vasant kunj,2000,4,2,New_Property,Furnished,Apartment,40000000
vasant kunj,3500,4,4,New_Property,Semi-Furnished,Builder_Floor,22500000
vasant kunj,900,3,3,Resale,Furnished,Builder_Floor,20000000
shahdara,900,4,1,Resale,Furnished,Apartment,15000000
shastri park,900,4,1,Resale,Furnished,Apartment,15000000
shahdara,50,2,1,New_Property,Semi-Furnished,Apartment,1950000
shastri park,50,2,1,New_Property,Semi-Furnished,Apartment,1950000
Other,900,2,1,New_Property,Semi-Furnished,Builder_Floor,6200000
shahdara,700,2,2,Resale,Semi-Furnished,Apartment,2500000
laxmi nagar,1000,2,2,New_Property,Unfurnished,Apartment,5000000
saket,1700,4,3,Resale,Semi-Furnished,Builder_Floor,29500000
saket,1350,3,2,Resale,Unfurnished,Builder_Floor,19000000
saket,2100,4,3,Resale,Furnished,Apartment,25500000
saket,2600,4,4,New_Property,Semi-Furnished,Builder_Floor,75000000
saket,3000,4,5,New_Property,Semi-Furnished,Builder_Floor,75000000
saket,1450,3,3,New_Property,Semi-Furnished,Builder_Floor,34000000
saket,2050,4,4,New_Property,Semi-Furnished,Builder_Floor,47500000
saket,1800,3,3,Resale,Semi-Furnished,Apartment,23000000
saket,900,3,2,Resale,Semi-Furnished,Apartment,24000000
saket,1500,3,2,Resale,Semi-Furnished,Apartment,21500000
saket,1500,3,2,New_Property,Semi-Furnished,Builder_Floor,28500000
saket,1800,4,4,Resale,Semi-Furnished,Builder_Floor,12500000
saket,1300,3,3,Resale,Semi-Furnished,Builder_Floor,22500000
saket,2100,3,4,Resale,Semi-Furnished,Builder_Floor,25000000
saket,2250,4,4,Resale,Semi-Furnished,Builder_Floor,33700000
saket,1500,3,3,Resale,Semi-Furnished,Builder_Floor,27000000
saket,2700,4,4,New_Property,Semi-Furnished,Builder_Floor,43500000
saket,1700,3,3,New_Property,Semi-Furnished,Builder_Floor,29000000
saket,1700,3,3,Resale,Semi-Furnished,Builder_Floor,30000000
saket,2050,4,4,New_Property,Semi-Furnished,Apartment,52100000
saket,1800,3,3,New_Property,Unfurnished,Builder_Floor,32500000
saket,1500,3,2,Resale,Semi-Furnished,Apartment,20500000
saket,2000,4,3,Resale,Semi-Furnished,Apartment,25000000
saket,1500,3,3,Resale,Semi-Furnished,Builder_Floor,30000000
saket,24300,4,5,Resale,Semi-Furnished,Builder_Floor,51000000
safdarjung enclave,1500,3,3,New_Property,Semi-Furnished,Builder_Floor,37500000
safdarjung enclave,2100,4,4,New_Property,Semi-Furnished,Builder_Floor,55000000
safdarjung enclave,1800,4,4,New_Property,Semi-Furnished,Builder_Floor,87500000
safdarjung enclave,1100,2,2,Resale,Unfurnished,Apartment,16300000
safdarjung enclave,1100,3,3,Resale,Unfurnished,Builder_Floor,25000000
safdarjung enclave,1550,3,3,New_Property,Semi-Furnished,Builder_Floor,38000000
safdarjung enclave,700,2,2,Resale,Unfurnished,Builder_Floor,15000000
safdarjung enclave,150,2,1,Resale,Semi-Furnished,Apartment,2000000
Other,3250,4,4,Resale,Semi-Furnished,Builder_Floor,55000000
safdarjung enclave,3250,4,4,Resale,Semi-Furnished,Builder_Floor,55000000
safdarjung enclave,1600,3,3,Resale,Semi-Furnished,Builder_Floor,22500000
safdarjung enclave,4000,4,4,Resale,Semi-Furnished,Builder_Floor,72500000
safdarjung enclave,900,3,3,New_Property,Semi-Furnished,Builder_Floor,12500000
safdarjung enclave,4150,4,4,New_Property,Unfurnished,Builder_Floor,82500000
safdarjung enclave,2250,4,5,New_Property,Semi-Furnished,Builder_Floor,55000000
safdarjung enclave,1650,3,3,New_Property,Semi-Furnished,Builder_Floor,35000000
safdarjung enclave,600,2,2,Resale,Semi-Furnished,Builder_Floor,4700000
safdarjung enclave,1700,4,5,Resale,Unfurnished,Builder_Floor,52500000
safdarjung enclave,2250,4,4,New_Property,Semi-Furnished,Builder_Floor,80000000
safdarjung enclave,4200,4,5,New_Property,Semi-Furnished,Builder_Floor,74000000
safdarjung enclave,1450,3,3,Resale,Semi-Furnished,Builder_Floor,37500000
safdarjung enclave,2200,4,4,New_Property,Semi-Furnished,Builder_Floor,52500000
paschim vihar,1800,3,2,Resale,Unfurnished,Builder_Floor,26500000
paschim vihar,900,2,3,Resale,Semi-Furnished,Apartment,8500000
paschim vihar,2700,4,3,Resale,Semi-Furnished,Builder_Floor,42500000
paschim vihar,1100,3,2,Resale,Semi-Furnished,Apartment,13100000
paschim vihar,1800,4,3,Resale,Unfurnished,Builder_Floor,23100000
paschim vihar,1100,3,2,Resale,Semi-Furnished,Apartment,16000000
paschim vihar,900,2,2,Resale,Unfurnished,Builder_Floor,12500000
paschim vihar,800,3,2,Resale,Unfurnished,Apartment,6300000
paschim vihar,1350,3,3,Resale,Semi-Furnished,Builder_Floor,15000000
new delhi,850,3,3,Resale,Unfurnished,Apartment,5700000
paschim vihar,850,3,3,Resale,Unfurnished,Apartment,5700000
paschim vihar,800,3,2,Resale,Unfurnished,Builder_Floor,12000000
paschim vihar,1500,3,2,Resale,Semi-Furnished,Apartment,18000000
greater kailash,1400,3,3,Resale,Furnished,Apartment,18000000
greater kailash,2700,4,4,Resale,Unfurnished,Builder_Floor,36500000
sarita vihar,1150,2,2,Resale,Unfurnished,Apartment,13500000
sarita vihar,1500,3,2,Resale,Unfurnished,Apartment,14000000
sarita vihar,1150,2,2,Resale,Semi-Furnished,Apartment,10800000
palam,50,1,1,Resale,Unfurnished,Builder_Floor,1500000
palam,900,2,2,Resale,Semi-Furnished,Builder_Floor,3100000
mehrauli,850,2,2,Resale,Semi-Furnished,Apartment,2800000
mehrauli,800,3,3,Resale,Semi-Furnished,Apartment,4500000
mehrauli,1350,3,3,New_Property,Unfurnished,Builder_Floor,8500000
mehrauli,1350,3,3,New_Property,Unfurnished,Apartment,8500000
mehrauli,450,1,1,New_Property,Unfurnished,Builder_Floor,1700000
mehrauli,1300,3,3,New_Property,Semi-Furnished,Builder_Floor,7000000
mehrauli,1050,3,2,New_Property,Unfurnished,Builder_Floor,5600000
mehrauli,1250,3,3,New_Property,Unfurnished,Builder_Floor,8500000
mehrauli,1250,3,2,Resale,Semi-Furnished,Apartment,6500000
mehrauli,1500,3,3,New_Property,Semi-Furnished,Apartment,8400000
mehrauli,500,1,2,Resale,Semi-Furnished,Apartment,2100000
mehrauli,450,1,1,Resale,Furnished,Apartment,1700000
mehrauli,450,1,1,Resale,Unfurnished,Apartment,1650000
mehrauli,1100,3,2,Resale,Unfurnished,Builder_Floor,8500000
mehrauli,600,2,2,Resale,Unfurnished,Builder_Floor,3200000
narela,450,1,1,Resale,Furnished,Apartment,2200000
narela,900,2,2,Resale,Semi-Furnished,Apartment,3800000
narela,350,1,1,Resale,Unfurnished,Apartment,2500000
narela,350,1,1,Resale,Unfurnished,Apartment,3000000
narela,50,1,1,New_Property,Unfurnished,Apartment,3500000
narela,500,1,1,Resale,Unfurnished,Apartment,1800000
narela,350,1,1,Resale,Unfurnished,Apartment,1600000
narela,350,1,1,New_Property,Unfurnished,Apartment,1490000
narela,900,2,2,Resale,Unfurnished,Apartment,4600000
narela,350,1,1,Resale,Semi-Furnished,Builder_Floor,1800000
narela,4900,1,1,New_Property,Unfurnished,Apartment,1000000
narela,50,1,1,New_Property,Semi-Furnished,Apartment,3500000
geetanjali enclave,3000,4,4,New_Property,Unfurnished,Builder_Floor,67000000
malviya nagar,3000,4,4,New_Property,Unfurnished,Builder_Floor,67000000
malviya nagar,850,2,2,Resale,Unfurnished,Builder_Floor,8500000
malviya nagar,750,2,2,New_Property,Unfurnished,Builder_Floor,11500000
geetanjali enclave,2600,4,5,New_Property,Semi-Furnished,Builder_Floor,52500000
malviya nagar,2600,4,5,New_Property,Semi-Furnished,Builder_Floor,52500000
malviya nagar,800,2,2,New_Property,Semi-Furnished,Builder_Floor,12000000
malviya nagar,550,2,2,Resale,Semi-Furnished,Builder_Floor,10700000
malviya nagar,700,2,2,Resale,Semi-Furnished,Apartment,9000000
malviya nagar,900,3,2,Resale,Semi-Furnished,Apartment,6200000
malviya nagar,100,3,2,Resale,Semi-Furnished,Builder_Floor,17000000
Other,900,2,3,Resale,Semi-Furnished,Builder_Floor,12500000
malviya nagar,900,2,3,Resale,Semi-Furnished,Builder_Floor,12500000
malviya nagar,1500,2,2,New_Property,Semi-Furnished,Builder_Floor,13000000
malviya nagar,650,3,2,Resale,Unfurnished,Builder_Floor,4200000
malviya nagar,2000,4,4,New_Property,Semi-Furnished,Builder_Floor,36000000
malviya nagar,500,1,1,Resale,Unfurnished,Apartment,2300000
malviya nagar,1300,3,3,Resale,Semi-Furnished,Builder_Floor,10000000
geetanjali enclave,2500,4,5,New_Property,Unfurnished,Builder_Floor,62500000
malviya nagar,2500,4,5,New_Property,Unfurnished,Builder_Floor,62500000
geetanjali enclave,2200,4,5,New_Property,Semi-Furnished,Builder_Floor,65000000
malviya nagar,2200,4,5,New_Property,Semi-Furnished,Builder_Floor,65000000
geetanjali enclave,2250,4,4,New_Property,Semi-Furnished,Builder_Floor,57500000
malviya nagar,2250,4,4,New_Property,Semi-Furnished,Builder_Floor,57500000
malviya nagar,1350,3,3,New_Property,Semi-Furnished,Builder_Floor,30000000
malviya nagar,1400,3,3,New_Property,Semi-Furnished,Builder_Floor,30000000
malviya nagar,1700,3,3,New_Property,Unfurnished,Builder_Floor,30000000
dilshad garden,900,2,2,Resale,Furnished,Builder_Floor,6900000
dilshad garden,400,1,1,Resale,Unfurnished,Builder_Floor,3600000
dilshad garden,900,3,2,Resale,Semi-Furnished,Apartment,13500000
dilshad garden,1000,3,2,Resale,Furnished,Apartment,9200000
dilshad garden,1700,3,2,Resale,Furnished,Apartment,17000000
dilshad garden,800,3,2,Resale,Semi-Furnished,Apartment,9030000
dilshad garden,750,2,1,New_Property,Semi-Furnished,Apartment,6500000
dilshad garden,1800,3,3,New_Property,Semi-Furnished,Builder_Floor,15000000
dilshad garden,350,1,1,Resale,Unfurnished,Apartment,4200000
dilshad garden,500,2,1,Resale,Furnished,Apartment,5800000
dilshad garden,900,3,2,Resale,Semi-Furnished,Apartment,4800000
dilshad garden,800,2,2,Resale,Semi-Furnished,Apartment,7500000
dilshad garden,350,1,1,Resale,Unfurnished,Apartment,3000000
dilshad garden,500,1,1,Resale,Semi-Furnished,Builder_Floor,2600000
dilshad garden,1450,2,2,Resale,Unfurnished,Apartment,7000000
dilshad garden,800,2,2,Resale,Unfurnished,Builder_Floor,6000000
dilshad garden,1000,2,2,Resale,Semi-Furnished,Apartment,6700000
dilshad garden,1000,3,3,Resale,Furnished,Apartment,9500000
dilshad garden,1600,3,2,Resale,Semi-Furnished,Apartment,17000000
vasundhara enclave,1450,3,2,Resale,Furnished,Apartment,14000000
vasundhara enclave,1450,3,3,Resale,Semi-Furnished,Apartment,11600000
vasundhara enclave,1150,3,3,Resale,Semi-Furnished,Apartment,12000000
vasundhara enclave,1300,3,2,Resale,Semi-Furnished,Apartment,9800000
new delhi,1350,3,3,Resale,Semi-Furnished,Apartment,12000000
vasundhara enclave,1350,3,3,Resale,Semi-Furnished,Apartment,12000000
vasundhara enclave,1200,3,2,Resale,Semi-Furnished,Apartment,12500000
vasundhara enclave,1100,2,2,Resale,Unfurnished,Apartment,7200000
vasundhara enclave,1500,3,3,Resale,Furnished,Apartment,15000000
vasundhara enclave,1050,2,2,Resale,Semi-Furnished,Apartment,10000000
vasundhara enclave,1350,3,3,Resale,Semi-Furnished,Apartment,11000000
okhla,1500,2,2,New_Property,Furnished,Apartment,24700000
okhla,450,1,1,New_Property,Semi-Furnished,Builder_Floor,1700000
okhla,900,2,2,Resale,Unfurnished,Apartment,11000000
okhla,2500,4,4,Resale,Semi-Furnished,Builder_Floor,75000000
okhla,1000,2,2,Resale,Unfurnished,Builder_Floor,11700000
okhla,750,3,2,Resale,Furnished,Apartment,13500000
okhla,900,3,2,Resale,Furnished,Builder_Floor,5500000
okhla,1500,3,2,Resale,Semi-Furnished,Apartment,16000000
okhla,750,2,2,Resale,Semi-Furnished,Builder_Floor,3800000
okhla,1100,3,3,Resale,Semi-Furnished,Apartment,12500000
okhla,550,2,1,Resale,Semi-Furnished,Apartment,1600000
okhla,750,3,2,Resale,Semi-Furnished,Builder_Floor,2400000
okhla,3150,4,5,New_Property,Semi-Furnished,Builder_Floor,61500000
okhla,2000,4,4,Resale,Semi-Furnished,Builder_Floor,27500000
karol bagh,2000,4,4,New_Property,Semi-Furnished,Apartment,39700000
karol bagh,1500,3,3,Resale,Unfurnished,Apartment,16000000
karol bagh,1600,3,3,New_Property,Semi-Furnished,Builder_Floor,24000000
karol bagh,950,2,2,Resale,Furnished,Apartment,12500000
karol bagh,1200,3,2,Resale,Semi-Furnished,Builder_Floor,14500000
karol bagh,1200,3,2,Resale,Semi-Furnished,Apartment,20900000
karol bagh,2200,3,3,New_Property,Semi-Furnished,Apartment,43100000
kirti nagar,2800,4,4,Resale,Unfurnished,Apartment,40000000
moti nagar,2800,4,4,Resale,Unfurnished,Apartment,40000000
kirti nagar,900,2,2,Resale,Semi-Furnished,Apartment,6700000
moti nagar,900,2,2,Resale,Semi-Furnished,Apartment,6700000
kirti nagar,1250,3,2,Resale,Semi-Furnished,Apartment,16000000
moti nagar,1250,3,2,Resale,Semi-Furnished,Apartment,16000000
kirti nagar,900,3,2,Resale,Unfurnished,Builder_Floor,8000000
moti nagar,900,3,2,Resale,Unfurnished,Builder_Floor,8000000
kirti nagar,1400,3,2,Resale,Semi-Furnished,Apartment,17500000
moti nagar,1400,3,2,Resale,Semi-Furnished,Apartment,17500000
kirti nagar,1450,3,3,New_Property,Semi-Furnished,Apartment,15000000
moti nagar,1450,3,3,New_Property,Semi-Furnished,Apartment,15000000
kirti nagar,2800,4,5,Resale,Semi-Furnished,Apartment,42500000
moti nagar,2800,4,5,Resale,Semi-Furnished,Apartment,42500000
kirti nagar,1550,3,2,Resale,Unfurnished,Apartment,19500000
moti nagar,1550,3,2,Resale,Unfurnished,Apartment,19500000
punjabi bagh,2100,3,3,Resale,Semi-Furnished,Builder_Floor,25000000
punjabi bagh,2500,4,4,New_Property,Semi-Furnished,Builder_Floor,80000000
punjabi bagh,2250,3,3,Resale,Semi-Furnished,Apartment,20500000
punjabi bagh,2250,4,4,New_Property,Unfurnished,Builder_Floor,37500000
punjabi bagh,800,2,2,Resale,Semi-Furnished,Apartment,7500000
punjabi bagh,1450,3,3,Resale,Semi-Furnished,Builder_Floor,32500000
punjabi bagh,1800,3,3,New_Property,Semi-Furnished,Builder_Floor,27500000
punjabi bagh,3500,4,4,New_Property,Furnished,Builder_Floor,75100000
punjabi bagh,1000,2,2,Resale,Semi-Furnished,Apartment,7800000
punjabi bagh,900,2,2,Resale,Semi-Furnished,Builder_Floor,15000000
punjabi bagh,1800,3,3,Resale,Furnished,Builder_Floor,27500000
punjabi bagh,1350,3,3,Resale,Unfurnished,Apartment,23500000
new delhi,800,2,2,Resale,Semi-Furnished,Builder_Floor,8000000
kalkaji,800,2,2,Resale,Semi-Furnished,Builder_Floor,8000000
kalkaji,1150,2,3,Resale,Semi-Furnished,Apartment,16100000
Other,900,3,3,New_Property,Semi-Furnished,Builder_Floor,6800000
kalkaji,900,3,3,New_Property,Semi-Furnished,Builder_Floor,6800000
kalkaji,1050,2,2,Resale,Unfurnished,Apartment,9000000
kalkaji,1000,2,2,Resale,Semi-Furnished,Builder_Floor,18000000
kalkaji,1550,3,3,Resale,Unfurnished,Builder_Floor,27500000
kalkaji,1300,3,2,Resale,Unfurnished,Apartment,13500000
kalkaji,900,2,2,Resale,Furnished,Builder_Floor,9000000
kalkaji,1200,2,2,Resale,Unfurnished,Apartment,16000000
kalkaji,1000,2,3,Resale,Semi-Furnished,Apartment,11000000
hauz khas,1800,3,3,New_Property,Semi-Furnished,Builder_Floor,43500000
hauz khas,6000,5,5,New_Property,Semi-Furnished,Apartment,180000000
hauz khas,1800,4,4,New_Property,Semi-Furnished,Builder_Floor,80000000
hauz khas,2000,3,3,Resale,Unfurnished,Apartment,37500000
hauz khas,2050,3,3,New_Property,Semi-Furnished,Builder_Floor,71000000
hauz khas,1100,3,3,Resale,Unfurnished,Apartment,18500000
hauz khas,4500,4,4,New_Property,Semi-Furnished,Builder_Floor,70000000
hauz khas,4500,4,5,New_Property,Semi-Furnished,Builder_Floor,85000000
hauz khas,6500,4,5,New_Property,Unfurnished,Builder_Floor,190000000
hauz khas,1750,3,3,Resale,Unfurnished,Builder_Floor,35000000
hauz khas,3600,4,4,New_Property,Semi-Furnished,Builder_Floor,65000000
hauz khas,1200,2,2,Resale,Furnished,Builder_Floor,27500000
hauz khas,1500,3,4,Resale,Unfurnished,Builder_Floor,45000000
hauz khas,2250,4,4,New_Property,Unfurnished,Builder_Floor,100000000
hauz khas,1800,3,4,New_Property,Semi-Furnished,Builder_Floor,47000000
hauz khas,1600,3,4,Resale,Semi-Furnished,Builder_Floor,27500000
hauz khas,2800,4,5,New_Property,Semi-Furnished,Builder_Floor,70000000
hauz khas,1700,3,3,Resale,Semi-Furnished,Apartment,36500000
hauz khas,2400,4,5,Resale,Unfurnished,Builder_Floor,65000000
hauz khas,2100,4,5,New_Property,Semi-Furnished,Builder_Floor,56000000
hauz khas,5400,4,4,Resale,Unfurnished,Builder_Floor,110000000
hauz khas,1250,3,3,Resale,Semi-Furnished,Builder_Floor,24000000
hauz khas,2300,4,4,New_Property,Semi-Furnished,Builder_Floor,102500000
hauz khas,2700,4,4,New_Property,Semi-Furnished,Builder_Floor,100000000
hauz khas,1450,3,3,New_Property,Semi-Furnished,Builder_Floor,45000000
chittaranjan park,1600,3,3,New_Property,Semi-Furnished,Builder_Floor,33500000
chittaranjan park,2600,4,5,New_Property,Semi-Furnished,Builder_Floor,62500000
chittaranjan park,1700,3,3,New_Property,Semi-Furnished,Builder_Floor,47500000
chittaranjan park,1200,3,3,New_Property,Semi-Furnished,Builder_Floor,22500000
chittaranjan park,1200,3,3,New_Property,Unfurnished,Builder_Floor,22000000
chittaranjan park,1200,3,3,New_Property,Semi-Furnished,Builder_Floor,22200000
chittaranjan park,1450,3,3,Resale,Semi-Furnished,Builder_Floor,22500000
chittaranjan park,1000,2,2,Resale,Semi-Furnished,Apartment,7500000
chittaranjan park,1650,3,3,New_Property,Unfurnished,Builder_Floor,35000000
kalkaji,1350,3,2,Resale,Semi-Furnished,Builder_Floor,17500000
chittaranjan park,1800,4,4,New_Property,Semi-Furnished,Builder_Floor,40000000
chittaranjan park,1900,3,4,New_Property,Semi-Furnished,Builder_Floor,28500000
chittaranjan park,1800,3,3,Resale,Semi-Furnished,Builder_Floor,29000000
chittaranjan park,1200,3,2,Resale,Semi-Furnished,Builder_Floor,15500000
kalkaji,1800,3,3,Resale,Semi-Furnished,Builder_Floor,26000000
chittaranjan park,1200,3,3,Resale,Semi-Furnished,Builder_Floor,16500000
chittaranjan park,1050,3,2,Resale,Semi-Furnished,Builder_Floor,12500000
chittaranjan park,11050,3,3,New_Property,Unfurnished,Builder_Floor,18500000
